get-middle-Parsons,"{'6': 434, '3': 439, '8': 148, '13': 549, '24': 690, '5': 584, '91': 233, '74': 204, '43': 275, '36': 611, '4': 237, '98': 589, '73': 341, '81': 0, '25': 304, '11': 440, '116': 145, '89': 214, '49': 493, '117': 653, '55': 215, '78': 273, '19': 363, '23': 279, '54': 696, '59': 155, '94': 399, '76': 427, '31': 446, '37': 152, '105': 32, '41': 201, '35': 178, '18': 184, '110': 616, '103': 173, '29': 247, '2': 364, '85': 248, '57': 570, '70': 531, '7': 214, '69': 1, '121': 198, '66': 134, '33': 777, '71': 223, '52': 782, '97': 231, '131': 2, '75': 10, '135': 204, '129': 306, '134': 736, '136': 10, '9': 816, '60': 224, '138': 66, '107': 499, '128': 175, '50': 255, '17': 397, '104': 454, '12': 409, '140': 59, '40': 198, '1': 278, '139': 394, '101': 254, '146': 380, '148': 175, '150': 364, '58': 343}"
check-guess-Parsons,"{'21': 113, '76': 141, '87': 78, '62': 356, '100': 142, '80': 104, '63': 124, '47': 0, '115': 158, '44': 50, '93': 72, '102': 198, '79': 120, '105': 139, '108': 110, '90': 151, '72': 311, '67': 49, '96': 142, '22': 143, '106': 84, '42': 168, '61': 56, '27': 99, '34': 37, '118': 67, '45': 59, '99': 101, '95': 81, '26': 62, '123': 72, '68': 235, '38': 62, '113': 79, '46': 87, '119': 171, '124': 107, '77': 56, '84': 121, '125': 157, '51': 106, '88': 77, '112': 207, '86': 3, '82': 50, '65': 70, '83': 137, '120': 1, '30': 72, '15': 95, '16': 1, '114': 84, '39': 161, '25': 37, '69': 224, '35': 43, '104': 87, '58': 149, '73': 69, '109': 111, '122': 61, '20': 30, '50': 34, '56': 102, '92': 88, '53': 79, '130': 301, '126': 244, '127': 32, '1': 24, '75': 119, '141': 86, '133': 140, '48': 80, '32': 81, '128': 42, '144': 0, '132': 43, '14': 476, '145': 79, '37': 42, '146': 73, '149': 154, '12': 48, '54': 49, '59': 44}"
alarm-clock-Parsons,"{'47': 0, '80': 290, '44': 277, '102': 747, '115': 948, '93': 197, '105': 647, '108': 533, '79': 424, '67': 134, '21': 234, '96': 243, '72': 581, '22': 133, '106': 4, '76': 204, '62': 462, '100': 109, '42': 195, '61': 200, '27': 123, '63': 341, '34': 103, '118': 338, '45': 230, '90': 2229, '26': 398, '68': 247, '38': 196, '46': 456, '124': 640, '77': 132, '84': 414, '125': 1229, '51': 133, '113': 1198, '123': 221, '99': 134, '88': 274, '112': 195, '119': 1222, '95': 166, '82': 466, '86': 221, '83': 226, '30': 109, '87': 75, '39': 139, '65': 337, '25': 1, '58': 434, '109': 148, '73': 81, '20': 72, '122': 542, '53': 262, '130': 184, '56': 889, '16': 177, '15': 673, '92': 484, '114': 284, '126': 4152, '127': 127, '133': 171, '48': 365, '32': 208, '128': 93, '75': 582, '144': 0, '132': 714, '14': 1231, '145': 192, '37': 1, '146': 66, '149': 195, '12': 108, '54': 89, '59': 222}"
speeding-Parsons,"{'8': 281, '5': 178, '13': 263, '91': 434, '4': 1872, '36': 361, '24': 154, '98': 151, '81': 118, '73': 143, '116': 330, '89': 82, '117': 319, '11': 139, '55': 158, '78': 218, '49': 340, '19': 329, '23': 820, '54': 133, '43': 363, '3': 282, '59': 128, '41': 2, '94': 276, '76': 235, '31': 93, '105': 235, '6': 114, '35': 117, '37': 381, '18': 208, '97': 276, '103': 612, '74': 126, '29': 407, '2': 250, '85': 233, '57': 124, '70': 185, '7': 189, '66': 367, '121': 779, '33': 506, '71': 150, '52': 102, '110': 294, '135': 188, '129': 164, '138': 108, '60': 225, '9': 85, '107': 250, '128': 270, '69': 438, '17': 181, '104': 217, '12': 368, '140': 0, '50': 226, '40': 147, '1': 154, '139': 333, '101': 666, '146': 76, '148': 167, '150': 0, '58': 231}"
7_3_4_Average,"{'4': 16, '116': 12, '103': 18, '44': 15, '27': 13, '8': 15, '70': 47, '51': 79, '59': 21, '126': 27, '85': 17, '6': 32, '74': 17, '34': 24, '113': 17, '76': 19, '67': 16, '49': 58, '9': 12, '72': 12, '54': 20, '61': 21, '71': 1, '127': 41, '97': 10, '121': 38, '26': 51, '28': 68, '46': 16, '84': 47, '132': 88, '106': 22, '86': 66, '148': 14, '37': 10, '75': 289, '50': 14}"
7_5_3_Sum_100,"{'116': 9, '4': 17, '79': 0, '44': 9, '27': 10, '8': 10, '70': 11, '51': 15, '59': 14, '6': 8, '74': 11, '126': 48, '34': 12, '85': 216, '67': 0, '49': 13, '9': 11, '72': 11, '54': 12, '61': 13, '127': 17, '97': 9, '26': 13, '46': 11, '106': 30, '148': 14, '37': 10, '75': 16, '102': 19, '147': 21}"
7_5_5_Sum_From_50,"{'116': 20, '4': 21, '79': 0, '44': 16, '27': 30, '8': 15, '70': 23, '51': 17, '59': 20, '6': 11, '74': 22, '126': 55, '34': 19, '85': 55, '67': 24, '49': 18, '9': 18, '72': 14, '54': 18, '61': 14, '127': 21, '97': 18, '26': 21, '46': 14, '106': 15, '148': 17, '37': 13, '75': 19, '147': 14}"
7_6_1_Print-Sum-Evens,"{'116': 30, '4': 13, '79': 0, '44': 25, '27': 22, '8': 25, '70': 35, '51': 96, '59': 18, '6': 26, '74': 47, '126': 238, '34': 52, '85': 25, '67': 29, '102': 5, '49': 38, '9': 17, '72': 19, '54': 36, '61': 20, '127': 47, '97': 55, '26': 52, '46': 25, '106': 34, '148': 23, '37': 20}"
8_3_3_While_Countdown,"{'79': 20, '103': 45, '4': 22, '27': 7, '44': 12, '2': 34, '59': 14, '6': 6, '34': 15, '74': 18, '85': 13, '67': 8, '49': 106, '51': 27, '9': 21, '72': 26, '54': 9, '61': 23, '97': 14, '26': 12, '46': 15, '106': 42, '148': 16, '147': 31, '77': 9}"
8_2_4_While_Count_Even,"{'79': 20, '103': 8, '4': 12, '27': 18, '44': 9, '2': 12, '59': 15, '6': 12, '34': 9, '74': 14, '85': 259, '67': 13, '49': 48, '51': 49, '9': 14, '72': 12, '54': 94, '61': 24, '97': 15, '26': 15, '46': 18, '106': 112, '148': 9}"
ch88ex1muc,"{'44': 9, '6': 6, '147': 12}"
ch88ex2muc,"{'44': 18, '6': 6, '147': 16}"
ch88ex3muc,"{'44': 30, '6': 38, '147': 200}"
ch88ex4muc,"{'44': 89, '6': 66}"
ch88ex5muc,"{'44': 17, '6': 10}"
ch88ex6muc,"{'44': 15, '6': 12}"
ch88ex7muc,"{'44': 9, '6': 24}"
ch88ex8muc,"{'44': 15, '6': 24}"
ch88ex9muc,"{'44': 20, '6': 25}"
ch88ex10muc,"{'44': 12, '6': 0}"
10_1_2_Rectangle,"{'36': 52, '44': 81, '72': 141, '67': 0, '103': 61, '34': 108, '4': 70, '59': 50, '118': 81, '127': 177, '6': 32, '51': 179, '26': 84, '106': 510, '97': 139}"
10_2_2_Triangle,"{'36': 26, '44': 32, '67': 0, '103': 16, '4': 29, '59': 29, '6': 20, '51': 75, '127': 20, '26': 20, '106': 23, '97': 12}"
10_3_1_Turtle_Spiro,"{'36': 85, '9': 154, '44': 28, '3': 1, '79': 91, '72': 192, '67': 0, '103': 153, '54': 98, '4': 151, '59': 68, '6': 88, '127': 165, '26': 33, '106': 73, '97': 219, '132': 2, '118': 120}"
10_3_2_Turtle_Spiro_Blue_Red,"{'36': 39, '44': 0, '67': 0, '103': 111, '54': 38, '4': 76, '59': 29, '6': 58, '127': 36, '26': 30, '106': 34}"
10_4_1_turtle-stamp,"{'36': 67, '9': 37, '44': 54, '67': 0, '54': 131, '103': 62, '59': 103, '4': 52, '6': 108, '127': 122, '26': 91, '14': 77}"
10_4_2_turtle-circle,"{'36': 102, '44': 39, '67': 0, '103': 48, '54': 212, '59': 0, '4': 286, '6': 41, '127': 195, '26': 160, '74': 115}"
10_5_1_turtle-x,"{'36': 141, '44': 171, '67': 0, '103': 337, '54': 107, '59': 77, '4': 78, '6': 88, '127': 72, '26': 134}"
10_5_2_turtle-squares,"{'36': 120, '44': 264, '67': 0, '103': 58, '4': 102, '6': 129, '127': 208, '26': 83}"
5_1_1_Turtle_L,"{'70': 38, '51': 60, '44': 132, '9': 72, '4': 80, '116': 0, '79': 39, '100': 44, '6': 77, '103': 38, '72': 39, '67': 306, '54': 47, '34': 82, '63': 164, '74': 89, '59': 66, '71': 0, '85': 50, '27': 76, '78': 21, '118': 85, '140': 36, '37': 90, '127': 136, '97': 57, '121': 0, '49': 166, '92': 25, '26': 28, '46': 115, '106': 61, '119': 0, '126': 64, '86': 48, '14': 110, '148': 146, '147': 71, '65': 41}"
5_1_2_Turtle_Check,"{'70': 38, '51': 43, '44': 51, '4': 59, '100': 29, '6': 36, '103': 31, '72': 28, '67': 36, '54': 35, '63': 33, '74': 71, '59': 14, '71': 0, '85': 0, '27': 18, '78': 12, '118': 39, '140': 16, '127': 68, '97': 40, '121': 0, '92': 26, '49': 82, '26': 29, '46': 36, '106': 34, '86': 29, '14': 29, '148': 16, '65': 26}"
5_2_1_Turtle-T,"{'70': 98, '51': 41, '44': 74, '4': 238, '100': 49, '6': 28, '103': 122, '72': 39, '67': 62, '34': 66, '63': 68, '59': 69, '27': 91, '78': 47, '118': 64, '140': 26, '37': 136, '127': 171, '97': 47, '121': 0, '92': 242, '26': 25, '49': 137, '46': 55, '106': 52, '86': 39, '14': 51, '148': 19, '147': 205, '65': 93}"
5_2_2_Turtle-A,"{'70': 67, '51': 145, '44': 279, '4': 58, '100': 92, '6': 75, '103': 121, '72': 94, '67': 245, '63': 72, '59': 107, '27': 457, '140': 67, '127': 403, '97': 76, '26': 66, '49': 157, '46': 290, '106': 228, '86': 84, '14': 126, '148': 47}"
loop_avg_drop_lowest,"{'6': 117, '83': 128, '96': 236, '57': 67, '47': 127, '19': 133, '5': 72, '59': 76, '60': 135, '99': 152, '3': 87, '61': 93, '77': 60, '28': 111, '90': 122, '30': 74, '92': 364, '11': 92, '114': 103, '86': 96, '94': 83, '36': 86, '76': 135, '127': 133, '62': 73, '22': 112, '1': 106, '106': 237, '33': 66, '4': 131, '27': 84, '82': 82, '51': 96, '126': 167, '67': 86, '56': 102, '108': 97, '26': 44, '20': 94, '81': 83, '68': 91, '128': 199, '119': 135, '105': 83, '18': 88, '78': 68, '103': 129, '35': 101, '79': 63, '132': 114, '69': 130, '131': 90, '104': 95, '16': 470, '25': 76, '100': 106, '123': 0, '137': 114, '138': 0, '73': 75, '122': 165, '109': 199, '144': 0, '58': 382, '65': 55, '17': 72, '46': 75, '141': 148, '146': 55, '75': 98, '147': 258, '139': 45, '149': 164, '37': 131, '54': 266, '8': 1, '44': 0}"
sum-odd-parsons,"{'91': 46, '13': 95, '41': 62, '7': 80, '93': 49, '89': 26, '95': 108, '16': 225, '111': 209, '12': 60, '66': 21, '113': 168, '84': 43, '42': 33, '133': 115, '34': 46, '52': 59, '80': 42, '44': 125, '55': 89, '88': 56, '87': 82, '23': 34, '21': 56, '50': 30, '125': 72, '85': 95, '110': 32, '116': 178, '53': 72, '112': 74, '2': 101, '45': 46, '117': 39, '124': 304, '24': 78, '63': 28, '74': 66, '71': 35, '118': 94, '70': 63, '8': 42, '9': 72, '54': 165, '97': 44, '121': 41, '37': 46, '31': 28, '39': 74, '98': 149, '75': 219, '72': 78, '115': 50, '49': 98, '29': 48, '120': 113, '101': 114, '130': 158, '15': 151, '136': 127, '107': 101, '38': 65, '94': 26, '128': 51, '14': 577, '140': 73, '129': 55, '17': 58, '141': 31, '48': 353, '148': 66, '145': 52, '150': 39, '105': 148, '58': 74, '59': 23}"
filter_words-Parsons,"{'91': 54, '13': 63, '7': 24, '41': 202, '93': 52, '89': 89, '84': 113, '66': 15, '111': 107, '113': 277, '55': 25, '42': 54, '49': 227, '21': 71, '80': 36, '50': 48, '116': 111, '34': 80, '45': 39, '136': 82, '71': 0, '52': 91, '31': 73, '88': 108, '2': 137, '87': 124, '24': 58, '85': 212, '23': 54, '54': 42, '72': 141, '125': 98, '121': 37, '70': 53, '63': 34, '37': 46, '118': 72, '110': 67, '74': 56, '120': 293, '95': 97, '101': 22, '115': 57, '9': 56, '8': 261, '112': 72, '107': 95, '39': 105, '117': 38, '44': 54, '98': 88, '124': 63, '38': 60, '53': 101, '130': 72, '29': 277, '12': 59, '94': 80, '128': 63, '16': 87, '97': 58, '15': 250, '75': 24, '14': 238, '140': 0, '133': 106, '129': 58, '17': 64, '141': 46, '48': 39, '148': 65, '145': 35, '150': 29, '58': 63, '59': 38}"
sum13-parsons,"{'6': 0, '47': 13, '96': 469, '57': 153, '5': 191, '3': 167, '77': 215, '33': 447, '28': 243, '86': 473, '59': 230, '114': 368, '62': 228, '11': 308, '81': 246, '19': 269, '60': 367, '27': 731, '82': 472, '26': 327, '36': 229, '4': 259, '99': 241, '22': 894, '67': 255, '20': 127, '126': 2, '78': 595, '68': 471, '94': 727, '30': 583, '1': 646, '76': 344, '83': 681, '108': 298, '79': 239, '56': 582, '18': 479, '51': 588, '132': 547, '25': 152, '90': 1048, '100': 208, '104': 466, '106': 406, '61': 382, '123': 99, '35': 1028, '103': 744, '105': 144, '128': 759, '69': 536, '137': 242, '131': 763, '16': 569, '119': 828, '92': 148, '138': 0, '127': 704, '73': 546, '122': 674, '144': 0, '109': 284, '65': 123, '58': 155, '17': 912, '46': 879, '141': 141, '146': 203, '75': 334, '139': 140, '149': 718, '54': 306, '150': 0}"
6_3_3_Triangle_Procedure,"{'101': 39, '65': 29}"
5_2_1_DrawZ,"{'51': 70, '44': 60, '9': 65, '4': 74, '100': 31, '6': 54, '103': 64, '72': 31, '67': 83, '54': 90, '63': 31, '59': 34, '27': 45, '97': 159, '127': 47, '85': 77, '26': 20, '46': 49, '106': 59, '86': 59, '14': 82}"
5_2_1_DrawN,"{'51': 51, '44': 27, '4': 29, '100': 86, '6': 43, '103': 48, '67': 39, '63': 401, '59': 31, '27': 47, '97': 36, '127': 47, '26': 30, '46': 23, '106': 145, '86': 62, '85': 43, '14': 36, '65': 1}"
5_3_1_DrawF,"{'44': 176, '6': 106, '103': 87, '51': 107, '4': 348, '67': 0, '54': 85, '59': 63, '63': 107, '27': 78, '127': 56, '26': 45, '46': 77, '106': 60, '49': 433, '14': 95}"
5_3_2_DrawA,"{'44': 52, '6': 79, '103': 68, '51': 99, '67': 0, '4': 118, '59': 35, '63': 172, '27': 87, '127': 54, '26': 23, '46': 63, '106': 20, '49': 123, '14': 57, '56': 110}"
5_4_2_JandT,"{'44': 55, '6': 30, '103': 44, '51': 66, '67': 0, '4': 52, '59': 65, '27': 65, '127': 169, '26': 29, '46': 91, '106': 53, '49': 0, '86': 56, '14': 143}"
5_4_3_JandT2,"{'44': 19, '6': 16, '103': 40, '51': 182, '67': 0, '4': 34, '59': 33, '27': 155, '26': 22, '46': 19, '106': 26, '49': 0, '86': 15, '14': 33, '65': 65}"
5_5_1_Turtle_House,"{'44': 36, '79': 37, '103': 46, '67': 0, '54': 42, '4': 70, '59': 69, '6': 115, '27': 59, '127': 60, '26': 69, '46': 70, '106': 106, '49': 56, '86': 36, '118': 0, '14': 87}"
5_5_2_Turtle_House2,"{'44': 25, '79': 19, '103': 31, '67': 0, '54': 108, '4': 23, '59': 19, '6': 28, '118': 37, '127': 22, '26': 14, '46': 29, '106': 22, '49': 26, '14': 19}"
ch5ex1muc,"{'44': 10, '6': 21, '65': 19, '77': 19}"
ch5ex2muc,"{'44': 8, '6': 9, '77': 16}"
ch5ex3muc,"{'44': 16, '6': 4, '77': 15}"
ch5ex4muc,"{'44': 8, '6': 4, '77': 5}"
ch5ex5muc,"{'44': 64, '6': 38, '77': 96}"
ch5ex6muc,"{'44': 43, '6': 16, '77': 23}"
ch5ex7muc,"{'44': 23, '6': 12, '77': 15}"
turtleRep1,"{'41': 203, '128': 62, '8': 98, '6': 50, '18': 176, '91': 85, '68': 248, '103': 51, '3': 63, '89': 78, '83': 61, '85': 52, '21': 189, '47': 35, '27': 224, '88': 36, '35': 80, '39': 93, '13': 54, '99': 106, '66': 76, '93': 135, '76': 91, '90': 254, '22': 192, '94': 408, '49': 305, '97': 40, '70': 61, '144': 76, '53': 105, '26': 103, '138': 302, '116': 321, '61': 49, '71': 105, '105': 181, '42': 96, '127': 53, '51': 54, '5': 61, '67': 60, '23': 57, '80': 34, '122': 68, '78': 62, '25': 55, '104': 90, '121': 54, '31': 60, '9': 64, '140': 73, '100': 87, '34': 47, '12': 160, '56': 383, '44': 28, '24': 106, '81': 66, '106': 82, '114': 211, '57': 89, '92': 62, '110': 85, '95': 84, '4': 37, '131': 92, '37': 72, '7': 205, '87': 147, '72': 75, '59': 27, '20': 113, '108': 243, '1': 66, '54': 60, '2': 118, '38': 79, '86': 99, '77': 63, '107': 130, '109': 70, '69': 98, '129': 68, '119': 154, '60': 62, '75': 115, '17': 65, '62': 266, '118': 31, '82': 42, '123': 422, '28': 61, '74': 108, '30': 135, '58': 63, '133': 131, '29': 83, '45': 95, '11': 158, '115': 0, '98': 170, '112': 204, '111': 72, '135': 124, '36': 30, '113': 382, '55': 53, '132': 106, '79': 31, '117': 97, '63': 37, '124': 83, '16': 107, '84': 100, '52': 58, '73': 68, '46': 73, '126': 376, '125': 415, '65': 147, '146': 70, '15': 57, '14': 395, '40': 464, '102': 73, '101': 12, '145': 84, '33': 127, '148': 71, '139': 71, '150': 49, '149': 154}"
turtleRep2,"{'41': 52, '128': 36, '8': 47, '6': 24, '18': 31, '91': 32, '68': 41, '3': 39, '89': 30, '47': 46, '88': 61, '21': 49, '27': 63, '35': 23, '85': 91, '66': 33, '99': 91, '76': 74, '90': 69, '94': 85, '49': 51, '97': 44, '70': 32, '144': 61, '53': 85, '26': 76, '138': 35, '93': 77, '116': 100, '61': 34, '71': 45, '127': 23, '42': 102, '105': 155, '51': 45, '44': 0, '13': 30, '5': 28, '23': 45, '80': 35, '25': 27, '34': 60, '78': 31, '59': 26, '67': 37, '4': 49, '121': 23, '81': 29, '9': 19, '140': 32, '122': 18, '31': 40, '104': 24, '106': 54, '100': 37, '92': 29, '95': 46, '37': 23, '54': 47, '1': 44, '24': 40, '72': 43, '131': 43, '38': 54, '118': 25, '20': 48, '60': 43, '57': 34, '39': 76, '109': 25, '86': 50, '82': 30, '77': 56, '2': 45, '17': 40, '28': 37, '69': 99, '107': 40, '58': 36, '75': 53, '87': 37, '129': 47, '29': 33, '114': 50, '119': 62, '36': 37, '30': 30, '45': 37, '7': 181, '111': 46, '74': 19, '11': 33, '135': 34, '62': 44, '55': 22, '98': 149, '112': 144, '110': 32, '108': 66, '132': 29, '113': 206, '12': 47, '56': 51, '103': 31, '79': 32, '123': 144, '22': 183, '117': 51, '83': 47, '63': 28, '124': 77, '16': 57, '84': 47, '73': 36, '52': 37, '46': 34, '126': 116, '125': 88, '65': 25, '146': 0, '15': 49, '14': 36, '40': 53, '133': 28, '102': 25, '115': 34, '101': 8, '145': 55, '33': 54, '148': 58, '139': 26, '150': 141, '149': 141}"
turtleRep3,"{'41': 273, '128': 387, '8': 462, '6': 88, '18': 194, '91': 271, '68': 466, '3': 166, '89': 127, '47': 42, '88': 380, '21': 189, '27': 203, '35': 64, '66': 199, '99': 399, '85': 119, '90': 204, '49': 128, '70': 206, '76': 221, '144': 214, '94': 87, '53': 234, '26': 191, '138': 174, '93': 288, '61': 516, '116': 440, '97': 177, '71': 127, '127': 31, '42': 58, '105': 418, '51': 154, '44': 58, '13': 245, '5': 40, '78': 75, '59': 52, '121': 77, '80': 59, '25': 83, '23': 174, '9': 167, '67': 57, '81': 73, '122': 188, '140': 74, '104': 144, '37': 85, '34': 130, '100': 87, '31': 185, '92': 130, '4': 82, '106': 178, '95': 116, '24': 117, '54': 128, '1': 237, '131': 197, '72': 109, '118': 319, '109': 219, '57': 110, '82': 181, '86': 199, '60': 215, '17': 526, '28': 252, '77': 221, '2': 284, '20': 48, '58': 119, '39': 303, '133': 0, '75': 141, '29': 62, '114': 156, '129': 52, '36': 48, '69': 155, '45': 213, '74': 355, '30': 126, '87': 227, '107': 295, '119': 217, '111': 74, '11': 96, '135': 235, '55': 99, '62': 122, '115': 126, '7': 138, '98': 271, '110': 69, '112': 229, '38': 133, '132': 71, '12': 246, '103': 307, '79': 98, '108': 212, '22': 139, '117': 177, '83': 104, '63': 157, '124': 451, '123': 329, '16': 92, '84': 118, '73': 449, '52': 207, '46': 1008, '126': 847, '125': 548, '65': 140, '146': 66, '14': 557, '15': 1415, '40': 147, '102': 29, '56': 151, '101': 8, '145': 435, '33': 57, '148': 41, '113': 627, '139': 39, '150': 443, '149': 286}"
turtle-spiral-Parsons,"{'41': 91, '128': 97, '8': 310, '6': 77, '68': 129, '18': 112, '89': 129, '91': 122, '47': 33, '90': 3, '21': 64, '88': 247, '66': 129, '35': 89, '27': 86, '70': 57, '26': 88, '144': 60, '76': 279, '49': 91, '116': 86, '138': 95, '99': 145, '93': 108, '71': 417, '53': 89, '3': 63, '94': 90, '129': 64, '97': 68, '105': 45, '80': 50, '42': 156, '115': 182, '104': 138, '61': 56, '13': 76, '67': 60, '37': 54, '127': 61, '72': 107, '81': 90, '121': 77, '58': 81, '78': 50, '24': 101, '59': 79, '5': 59, '100': 93, '25': 55, '34': 81, '95': 111, '55': 66, '23': 169, '4': 74, '54': 234, '44': 53, '29': 55, '45': 90, '36': 82, '57': 82, '30': 68, '1': 56, '20': 76, '135': 46, '28': 67, '39': 104, '110': 83, '140': 0, '38': 98, '109': 120, '86': 177, '132': 186, '12': 76, '82': 81, '62': 60, '74': 130, '11': 50, '79': 42, '2': 174, '103': 104, '111': 310, '92': 114, '7': 365, '17': 296, '69': 71, '98': 50, '108': 113, '131': 90, '60': 111, '75': 0, '9': 390, '118': 104, '122': 75, '31': 183, '22': 61, '117': 0, '51': 93, '87': 86, '77': 87, '85': 62, '119': 74, '83': 101, '63': 252, '124': 44, '114': 73, '16': 105, '84': 288, '73': 341, '46': 49, '126': 736, '125': 97, '65': 87, '107': 70, '106': 111, '112': 145, '123': 167, '146': 111, '14': 45, '15': 8, '40': 188, '133': 101, '52': 70, '102': 43, '56': 1, '101': 32, '145': 133, '33': 94, '148': 67, '139': 75, '113': 101, '150': 141, '149': 78}"
pNumGuess1v2,"{'3': 136, '27': 272, '6': 632, '41': 166, '138': 663, '135': 84, '93': 297, '78': 167, '58': 133, '18': 645, '111': 460, '88': 241, '144': 70, '94': 294, '68': 213, '81': 302, '100': 326, '109': 487, '73': 207, '36': 516, '20': 185, '106': 268, '23': 96, '84': 407, '51': 311, '47': 191, '127': 786, '33': 35, '8': 212, '54': 192, '107': 394, '75': 246, '98': 253, '37': 565, '125': 253, '124': 135, '83': 511, '87': 271, '72': 301, '80': 365, '35': 599, '79': 386, '91': 501, '117': 88, '116': 439, '55': 498, '21': 135, '26': 261, '92': 208, '99': 329, '86': 302, '105': 433, '85': 492, '103': 260, '69': 270, '12': 394, '44': 143, '42': 157, '67': 154, '31': 258, '48': 337, '90': 390, '28': 406, '17': 291, '24': 323, '11': 162, '4': 154, '25': 484, '132': 267, '66': 138, '13': 396, '39': 555, '5': 105, '61': 175, '60': 190, '62': 141, '121': 154, '56': 227, '9': 356, '57': 101, '74': 186, '108': 222, '65': 247, '110': 579, '97': 358, '45': 320, '7': 178, '131': 168, '101': 272, '128': 850, '126': 21, '115': 141, '113': 319, '119': 463, '77': 640, '82': 196, '70': 34, '112': 1, '53': 330, '104': 0, '2': 174, '114': 554, '123': 169, '102': 136, '38': 0, '71': 1269, '59': 276, '118': 170, '46': 173, '141': 139, '52': 104, '1': 233, '14': 768, '30': 166, '140': 266, '133': 485, '150': 211, '40': 48, '146': 221, '49': 412, '76': 178, '122': 228, '22': 204, '145': 279, '139': 254, '16': 257, '129': 1, '149': 179, '63': 0, '15': 403, '29': 167, '89': 185, '50': 165}"
pItem1,"{'3': 42, '27': 37, '6': 38, '41': 63, '135': 22, '78': 63, '138': 88, '93': 72, '144': 59, '88': 57, '94': 306, '81': 108, '18': 291, '100': 0, '73': 15, '20': 83, '109': 50, '23': 44, '8': 76, '111': 95, '33': 71, '47': 38, '58': 72, '51': 62, '84': 15, '54': 30, '68': 72, '127': 76, '124': 57, '75': 50, '125': 90, '98': 184, '107': 77, '37': 41, '72': 15, '80': 54, '117': 108, '83': 100, '87': 49, '79': 48, '35': 134, '91': 43, '21': 76, '116': 41, '92': 23, '55': 52, '26': 50, '106': 76, '56': 1, '104': 150, '36': 56, '86': 36, '5': 21, '57': 30, '66': 49, '67': 66, '42': 45, '62': 62, '4': 102, '11': 29, '126': 79, '24': 95, '103': 55, '121': 46, '7': 151, '105': 36, '131': 14, '61': 0, '69': 40, '70': 28, '60': 73, '108': 46, '44': 22, '65': 11, '17': 29, '132': 238, '99': 51, '48': 28, '31': 48, '82': 55, '97': 14, '13': 62, '45': 1, '9': 32, '28': 47, '110': 33, '39': 36, '119': 99, '53': 42, '113': 94, '2': 63, '123': 51, '74': 36, '38': 85, '102': 21, '12': 116, '59': 35, '118': 21, '85': 81, '114': 54, '46': 27, '141': 39, '52': 32, '1': 191, '140': 32, '77': 29, '133': 100, '146': 25, '40': 315, '49': 71, '30': 43, '150': 95, '71': 114, '76': 56, '14': 179, '101': 5, '122': 57, '25': 99, '90': 27, '22': 31, '16': 38, '129': 58, '112': 137, '128': 48, '149': 90, '63': 85, '15': 67, '29': 172, '145': 64, '89': 32, '50': 72}"
pPersonClass1,"{'3': 49, '27': 68, '6': 35, '135': 59, '78': 219, '138': 202, '144': 286, '93': 126, '88': 56, '100': 46, '94': 232, '18': 241, '109': 44, '23': 140, '68': 300, '111': 59, '58': 134, '8': 86, '51': 110, '47': 94, '124': 115, '75': 128, '125': 128, '107': 69, '98': 260, '37': 110, '72': 61, '80': 42, '79': 59, '91': 63, '35': 130, '21': 159, '92': 50, '116': 38, '26': 57, '87': 94, '36': 43, '57': 51, '66': 26, '42': 46, '104': 482, '11': 51, '62': 197, '131': 48, '4': 57, '61': 76, '65': 23, '86': 42, '108': 74, '48': 55, '121': 66, '99': 82, '7': 69, '82': 75, '45': 145, '28': 112, '39': 120, '110': 75, '119': 141, '53': 101, '113': 186, '2': 59, '38': 154, '74': 69, '59': 47, '118': 56, '85': 106, '114': 48, '141': 55, '1': 54, '77': 124, '133': 2, '40': 124, '30': 70, '24': 256, '71': 252, '14': 127, '122': 54, '90': 48, '25': 155, '97': 21, '112': 96, '128': 56, '29': 40, '89': 50, '52': 58, '149': 0, '73': 66}"
pCar1,"{'41': 87, '81': 144, '73': 28, '20': 81, '33': 111, '84': 29, '54': 45, '83': 1, '117': 68, '55': 163, '127': 109, '106': 78, '44': 70, '105': 146, '5': 36, '126': 67, '67': 91, '103': 60, '97': 40, '13': 56, '60': 77, '9': 42, '132': 106, '31': 59, '70': 240, '69': 111, '123': 69, '102': 21, '12': 408, '17': 71, '46': 70, '52': 67, '140': 68, '146': 59, '49': 319, '104': 103, '150': 227, '76': 97, '101': 4, '65': 115, '14': 195, '77': 65, '22': 112, '94': 58, '16': 125, '144': 2, '129': 240, '18': 87, '149': 59, '119': 170, '63': 174, '15': 238, '75': 250, '145': 75, '56': 202, '50': 109, '98': 0, '59': 51}"
unittest-car,"{'41': 164, '8': 388, '3': 411, '68': 1085, '6': 398, '18': 438, '83': 494, '99': 738, '47': 298, '88': 1055, '93': 742, '107': 669, '144': 301, '100': 190, '138': 196, '81': 139, '21': 141, '126': 754, '72': 317, '26': 480, '58': 748, '111': 594, '27': 424, '132': 211, '36': 100, '67': 100, '53': 157, '91': 235, '80': 202, '122': 436, '119': 531, '33': 133, '109': 151, '13': 175, '106': 545, '73': 183, '149': 448, '17': 156, '92': 197, '35': 340, '70': 162, '14': 241, '4': 262, '108': 166, '150': 480, '37': 232, '34': 169, '90': 172, '62': 333, '51': 729, '101': 553, '94': 263, '76': 593, '52': 242, '110': 378, '54': 138, '78': 129, '30': 145, '75': 251, '104': 244, '5': 368, '87': 169, '61': 257, '66': 291, '131': 245, '44': 96, '2': 279, '116': 330, '48': 239, '125': 987, '25': 159, '39': 325, '55': 240, '69': 416, '124': 179, '86': 121, '59': 292, '22': 278, '74': 269, '137': 86, '127': 196, '63': 128, '84': 479, '105': 401, '103': 382, '28': 364, '82': 138, '97': 320, '117': 254, '1': 284, '71': 202, '98': 693, '42': 196, '112': 592, '113': 587, '40': 187, '102': 413, '15': 765, '45': 251, '118': 272, '9': 108, '31': 105, '123': 156, '24': 231, '151': 543, '79': 314, '114': 454, '20': 122, '50': 195, '140': 75, '121': 641, '38': 90, '85': 328, '65': 214, '12': 305, '7': 0, '141': 206, '60': 419, '146': 103, '16': 132, '128': 144, '133': 383, '89': 699, '11': 588, '23': 341, '145': 163, '29': 110, '129': 358, '49': 666, '77': 233, '135': 67, '46': 337, '139': 159, '57': 266}"
unittest-square,"{'41': 119, '8': 166, '3': 99, '6': 57, '68': 483, '83': 176, '47': 90, '100': 176, '138': 69, '81': 114, '144': 91, '21': 155, '93': 139, '72': 134, '88': 172, '67': 98, '36': 128, '107': 112, '44': 67, '33': 68, '109': 198, '53': 230, '137': 67, '17': 79, '54': 106, '70': 62, '78': 58, '13': 164, '73': 256, '30': 159, '80': 78, '132': 239, '108': 238, '34': 107, '111': 7, '25': 192, '86': 142, '87': 159, '26': 129, '82': 159, '14': 126, '124': 171, '9': 112, '37': 202, '52': 182, '127': 358, '31': 104, '90': 154, '71': 73, '94': 97, '20': 104, '4': 122, '131': 86, '140': 203, '104': 270, '92': 194, '91': 144, '61': 75, '2': 98, '38': 143, '62': 218, '75': 300, '117': 128, '35': 204, '63': 49, '27': 243, '116': 169, '45': 167, '1': 174, '22': 162, '74': 103, '59': 80, '5': 66, '118': 110, '110': 109, '39': 96, '97': 156, '122': 148, '66': 154, '48': 164, '103': 178, '55': 98, '15': 327, '149': 119, '105': 109, '69': 374, '79': 104, '28': 128, '65': 99, '106': 137, '150': 64, '119': 199, '99': 134, '101': 301, '58': 235, '84': 310, '102': 94, '76': 154, '12': 173, '42': 207, '114': 234, '51': 124, '151': 173, '126': 118, '121': 115, '113': 346, '24': 113, '98': 361, '112': 249, '7': 100, '141': 82, '125': 294, '60': 89, '146': 52, '16': 178, '18': 323, '128': 7, '40': 151, '85': 0, '89': 45, '11': 211, '23': 135, '145': 117, '29': 96, '129': 269, '123': 96, '49': 361, '77': 102, '135': 48, '46': 81, '133': 192, '139': 236, '57': 148}"
unittest-sum,"{'41': 394, '3': 119, '8': 286, '6': 177, '68': 140, '83': 402, '47': 558, '138': 103, '100': 174, '81': 152, '21': 188, '144': 276, '93': 149, '72': 323, '67': 146, '44': 174, '33': 356, '137': 327, '70': 110, '78': 162, '107': 406, '17': 159, '36': 165, '80': 199, '88': 223, '34': 304, '13': 129, '109': 198, '14': 324, '30': 87, '86': 186, '9': 102, '31': 196, '53': 349, '20': 230, '87': 211, '25': 220, '26': 310, '131': 189, '61': 182, '63': 164, '82': 171, '94': 150, '132': 452, '52': 203, '2': 375, '108': 205, '90': 161, '4': 396, '73': 433, '5': 157, '91': 316, '37': 140, '59': 137, '38': 263, '74': 174, '117': 219, '140': 254, '110': 165, '118': 180, '45': 227, '92': 188, '39': 172, '55': 419, '1': 366, '97': 370, '22': 136, '122': 171, '62': 256, '104': 240, '66': 162, '116': 183, '35': 306, '105': 275, '149': 141, '48': 544, '27': 217, '150': 228, '127': 203, '65': 163, '54': 196, '79': 523, '103': 370, '28': 160, '106': 235, '102': 507, '75': 935, '99': 421, '119': 506, '76': 363, '12': 2, '69': 216, '111': 675, '58': 1083, '42': 256, '84': 290, '101': 312, '51': 403, '114': 262, '151': 450, '112': 374, '126': 1383, '121': 263, '24': 222, '124': 393, '98': 460, '15': 1, '7': 311, '141': 82, '125': 502, '60': 277, '146': 130, '16': 228, '18': 271, '128': 123, '40': 213, '85': 250, '89': 108, '11': 115, '23': 136, '145': 305, '29': 375, '129': 276, '123': 781, '49': 780, '77': 711, '135': 111, '46': 168, '139': 251, '133': 698, '57': 386, '71': 5}"
count_lines-Parsons,"{'105': 95, '8': 76, '3': 68, '68': 219, '41': 89, '143': 95, '38': 74, '92': 84, '109': 108, '88': 104, '47': 58, '124': 184, '6': 95, '91': 149, '150': 475, '21': 494, '58': 122, '94': 166, '81': 172, '111': 58, '27': 327, '149': 122, '100': 277, '70': 136, '13': 183, '86': 74, '24': 122, '16': 60, '22': 240, '95': 106, '98': 585, '74': 109, '42': 63, '20': 64, '5': 114, '93': 83, '4': 147, '80': 34, '103': 138, '67': 79, '9': 72, '63': 115, '59': 132, '83': 102, '138': 48, '53': 212, '18': 139, '26': 142, '35': 197, '104': 240, '112': 132, '82': 106, '79': 108, '51': 129, '60': 300, '33': 164, '118': 80, '131': 160, '122': 92, '52': 166, '140': 28, '78': 185, '28': 69, '12': 181, '106': 118, '36': 72, '84': 145, '17': 184, '37': 63, '11': 96, '31': 125, '39': 243, '62': 119, '87': 130, '113': 2, '108': 116, '54': 145, '107': 247, '2': 9, '110': 142, '127': 495, '34': 93, '90': 133, '71': 317, '7': 150, '14': 112, '102': 48, '146': 82, '61': 320, '66': 213, '69': 131, '46': 70, '25': 55, '45': 120, '125': 272, '85': 136, '49': 118, '117': 116, '76': 146, '99': 95, '72': 322, '123': 71, '151': 214, '116': 81, '141': 80, '119': 407, '129': 143, '128': 185, '73': 136, '144': 110, '77': 108, '133': 133, '135': 39, '114': 80, '29': 61, '145': 81, '89': 84, '121': 273, '126': 20, '15': 243, '97': 215, '48': 139, '65': 98, '137': 0, '30': 55, '139': 97, '1': 94, '57': 1, '50': 150, '23': 44, '44': 143, '40': 205}"
count_subject-Parsons,"{'105': 238, '8': 623, '3': 887, '68': 397, '41': 143, '143': 104, '38': 172, '92': 270, '109': 285, '47': 194, '88': 68, '124': 580, '6': 621, '58': 482, '91': 296, '111': 165, '81': 120, '94': 260, '150': 219, '27': 90, '21': 258, '149': 418, '13': 87, '16': 206, '24': 400, '95': 545, '22': 111, '42': 157, '5': 126, '93': 124, '83': 145, '4': 214, '80': 175, '67': 297, '103': 272, '86': 223, '74': 188, '9': 176, '138': 56, '63': 130, '18': 106, '53': 120, '26': 218, '35': 220, '20': 40, '104': 394, '112': 267, '100': 175, '82': 234, '79': 251, '98': 553, '59': 276, '70': 235, '140': 105, '33': 117, '28': 303, '122': 128, '118': 99, '36': 88, '11': 117, '106': 169, '52': 243, '131': 2, '37': 152, '62': 103, '31': 206, '110': 105, '39': 91, '12': 76, '107': 171, '127': 181, '17': 299, '108': 160, '34': 118, '90': 1, '71': 438, '7': 283, '54': 156, '102': 71, '146': 62, '61': 197, '66': 252, '69': 278, '51': 169, '46': 127, '25': 88, '45': 254, '125': 633, '14': 138, '85': 446, '49': 456, '76': 466, '99': 155, '72': 676, '123': 96, '151': 467, '116': 428, '141': 193, '87': 0, '119': 404, '129': 180, '128': 77, '73': 189, '144': 393, '60': 91, '77': 624, '133': 166, '135': 126, '114': 234, '29': 505, '2': 86, '84': 128, '145': 255, '89': 176, '121': 241, '15': 651, '97': 556, '48': 338, '65': 198, '137': 239, '139': 60, '1': 112, '57': 127, '30': 80, '50': 249, '23': 50, '78': 112, '44': 87, '126': 431, '40': 246}"
mt1dict1,"{'68': 73, '3': 76, '8': 45, '41': 90, '14': 342, '116': 119, '12': 90, '105': 78, '111': 160, '149': 129, '47': 62, '125': 100, '93': 63, '42': 67, '109': 44, '103': 53, '56': 712, '31': 48, '151': 27, '6': 99, '78': 65, '97': 72, '58': 72, '7': 88, '138': 45, '99': 26, '80': 17, '44': 45, '81': 124, '86': 47, '92': 72, '119': 181, '90': 79, '118': 79, '26': 60, '137': 43, '94': 379, '34': 72, '124': 57, '54': 328, '17': 81, '61': 228, '71': 22, '24': 39, '37': 32, '83': 47, '21': 149, '46': 68, '69': 117, '140': 59, '74': 39, '25': 46, '63': 59, '113': 127, '38': 66, '4': 46, '52': 54, '79': 77, '75': 118, '106': 58, '36': 43, '49': 73, '70': 70, '65': 70, '88': 72, '45': 60, '87': 85, '107': 89, '131': 150, '59': 60, '40': 93, '51': 71, '85': 147, '50': 44, '35': 92, '22': 50, '102': 154, '76': 36, '108': 53, '2': 96, '150': 42, '18': 86, '27': 100, '16': 44, '127': 91, '146': 39, '91': 81, '101': 158, '122': 37, '123': 72, '39': 80, '77': 16, '28': 39, '30': 68, '66': 37, '141': 38, '67': 50, '48': 135, '129': 52, '98': 92, '128': 89, '73': 107, '13': 176, '144': 75, '89': 102, '20': 136, '82': 53, '133': 66, '135': 71, '126': 106, '72': 103, '53': 27, '84': 39, '29': 53, '55': 47, '145': 97, '132': 98, '62': 27, '11': 41, '100': 50, '104': 0, '114': 105, '121': 55, '15': 53, '110': 28, '57': 85, '1': 107, '95': 84, '139': 53, '23': 23}"
mt1dictcolors,"{'68': 172, '3': 50, '8': 111, '41': 45, '14': 81, '116': 50, '12': 41, '105': 146, '111': 45, '149': 47, '47': 41, '125': 140, '93': 55, '42': 46, '109': 60, '103': 16, '78': 25, '97': 54, '58': 13, '31': 71, '7': 85, '6': 37, '138': 27, '80': 9, '86': 17, '44': 90, '92': 81, '81': 40, '90': 27, '151': 83, '118': 37, '26': 47, '137': 64, '34': 44, '124': 84, '119': 80, '17': 85, '54': 53, '61': 106, '71': 16, '24': 27, '37': 24, '83': 25, '46': 69, '21': 80, '69': 88, '140': 52, '94': 40, '74': 21, '25': 49, '63': 48, '113': 59, '38': 42, '4': 48, '52': 44, '79': 94, '75': 70, '106': 72, '36': 22, '49': 34, '126': 2, '70': 49, '65': 30, '88': 104, '45': 42, '107': 78, '87': 52, '131': 85, '59': 52, '40': 349, '51': 107, '50': 30, '35': 112, '85': 52, '22': 76, '102': 122, '56': 405, '76': 34, '108': 127, '2': 137, '150': 89, '18': 71, '27': 36, '16': 45, '127': 60, '91': 58, '146': 77, '99': 53, '101': 65, '123': 52, '39': 112, '77': 17, '28': 41, '66': 28, '30': 153, '141': 65, '67': 55, '48': 179, '129': 46, '98': 39, '128': 85, '73': 64, '122': 13, '13': 86, '144': 28, '89': 44, '20': 59, '82': 45, '133': 25, '135': 169, '72': 116, '53': 19, '84': 20, '29': 108, '55': 28, '145': 184, '132': 43, '62': 21, '11': 26, '100': 28, '104': 20, '114': 122, '121': 40, '15': 53, '110': 37, '57': 66, '1': 24, '95': 52, '139': 32, '23': 20}"
pItemmt1,"{'68': 98, '3': 38, '8': 110, '41': 35, '14': 108, '116': 51, '12': 39, '105': 37, '111': 93, '149': 27, '47': 48, '42': 50, '93': 36, '109': 22, '125': 100, '103': 26, '78': 38, '58': 23, '31': 41, '6': 17, '138': 72, '97': 43, '80': 17, '86': 46, '44': 24, '81': 43, '90': 85, '7': 49, '151': 36, '92': 51, '26': 30, '118': 24, '137': 46, '34': 37, '124': 23, '119': 66, '54': 32, '17': 76, '61': 62, '71': 16, '24': 19, '37': 12, '83': 16, '46': 26, '21': 63, '69': 41, '140': 28, '94': 21, '74': 14, '25': 27, '63': 196, '113': 76, '38': 59, '4': 38, '52': 33, '79': 95, '75': 59, '106': 40, '36': 23, '49': 40, '70': 47, '65': 20, '88': 18, '45': 25, '87': 53, '107': 55, '131': 179, '59': 32, '40': 42, '50': 22, '35': 66, '85': 40, '22': 29, '102': 42, '56': 72, '76': 36, '108': 111, '2': 46, '150': 59, '18': 31, '27': 42, '51': 77, '16': 35, '127': 44, '146': 13, '91': 37, '99': 49, '101': 45, '123': 33, '39': 112, '77': 9, '28': 28, '66': 22, '30': 18, '141': 66, '67': 28, '48': 40, '129': 17, '98': 47, '128': 56, '73': 54, '122': 28, '144': 45, '13': 33, '89': 38, '20': 36, '82': 31, '133': 54, '135': 47, '126': 92, '72': 28, '53': 32, '84': 0, '29': 35, '55': 18, '145': 32, '132': 56, '62': 39, '11': 36, '100': 22, '104': 10, '114': 38, '121': 26, '15': 21, '110': 25, '57': 27, '1': 20, '95': 41, '139': 33, '23': 22}"
mt1turtrect,"{'68': 98, '3': 33, '8': 49, '41': 120, '116': 44, '14': 42, '12': 59, '105': 152, '111': 45, '149': 41, '47': 33, '42': 47, '93': 42, '109': 27, '125': 100, '103': 21, '78': 23, '58': 29, '31': 21, '80': 17, '97': 17, '6': 21, '138': 43, '86': 18, '44': 48, '81': 19, '7': 53, '151': 50, '92': 38, '26': 42, '118': 33, '137': 46, '90': 22, '34': 118, '124': 119, '119': 43, '54': 44, '17': 26, '61': 35, '71': 14, '24': 21, '37': 16, '83': 29, '46': 45, '21': 60, '140': 33, '69': 43, '94': 59, '74': 12, '25': 25, '63': 43, '38': 27, '4': 32, '52': 142, '79': 78, '75': 97, '106': 73, '36': 23, '49': 58, '70': 33, '65': 35, '88': 27, '45': 25, '107': 36, '87': 213, '131': 53, '59': 56, '40': 55, '50': 26, '35': 34, '85': 56, '22': 159, '102': 22, '56': 83, '76': 27, '108': 51, '2': 56, '150': 28, '18': 55, '27': 57, '51': 28, '16': 34, '127': 47, '146': 32, '91': 33, '99': 62, '101': 62, '123': 34, '77': 21, '28': 60, '39': 53, '66': 21, '30': 222, '141': 0, '67': 45, '48': 83, '129': 38, '98': 38, '128': 41, '73': 28, '122': 17, '144': 22, '13': 179, '89': 41, '20': 33, '82': 27, '133': 125, '135': 26, '126': 79, '72': 65, '53': 15, '84': 55, '29': 32, '55': 17, '145': 40, '132': 124, '62': 20, '11': 65, '100': 22, '104': 22, '114': 37, '121': 29, '15': 27, '113': 173, '110': 17, '1': 25, '57': 19, '95': 39, '139': 146, '23': 13}"
list_loop_mt1,"{'68': 83, '3': 39, '8': 26, '41': 46, '116': 108, '12': 45, '14': 137, '105': 65, '111': 108, '149': 52, '47': 46, '42': 29, '93': 48, '109': 41, '125': 89, '103': 15, '78': 26, '58': 63, '31': 61, '80': 12, '97': 41, '6': 36, '138': 56, '86': 31, '44': 38, '81': 34, '7': 44, '151': 38, '92': 36, '118': 36, '26': 39, '137': 93, '90': 72, '34': 38, '131': 7, '124': 37, '119': 134, '54': 49, '17': 43, '61': 36, '71': 11, '24': 12, '37': 19, '83': 137, '46': 29, '21': 67, '140': 25, '69': 64, '94': 40, '74': 24, '25': 28, '63': 25, '38': 71, '4': 163, '52': 67, '79': 43, '75': 110, '106': 39, '36': 31, '49': 51, '70': 31, '65': 87, '88': 35, '45': 31, '107': 93, '87': 54, '59': 87, '40': 118, '50': 35, '35': 49, '85': 48, '22': 32, '102': 64, '56': 213, '76': 45, '108': 34, '2': 51, '150': 39, '18': 67, '27': 48, '51': 37, '16': 29, '127': 38, '91': 32, '146': 35, '99': 42, '101': 82, '123': 34, '77': 15, '28': 84, '39': 46, '66': 33, '30': 23, '141': 25, '67': 78, '48': 44, '129': 25, '98': 88, '128': 47, '73': 49, '122': 161, '144': 27, '89': 61, '13': 84, '20': 35, '82': 32, '133': 29, '135': 74, '126': 362, '72': 43, '53': 20, '84': 38, '29': 37, '55': 29, '145': 33, '132': 86, '62': 24, '11': 48, '100': 41, '104': 56, '114': 240, '121': 99, '15': 93, '113': 149, '110': 56, '1': 67, '57': 22, '95': 50, '139': 26, '23': 36}"
write-modified-Parsons,"{'68': 132, '8': 45, '41': 121, '143': 230, '38': 169, '92': 114, '88': 71, '47': 133, '124': 159, '58': 147, '111': 235, '81': 89, '6': 217, '91': 152, '109': 58, '27': 92, '3': 16, '16': 60, '24': 69, '22': 224, '42': 65, '5': 139, '93': 79, '21': 47, '95': 100, '80': 45, '138': 41, '105': 49, '83': 50, '4': 191, '9': 29, '13': 352, '86': 83, '74': 206, '67': 40, '103': 84, '94': 71, '63': 189, '53': 70, '20': 85, '149': 173, '35': 87, '118': 43, '26': 55, '112': 57, '100': 55, '36': 66, '11': 53, '62': 143, '150': 31, '79': 35, '12': 66, '39': 170, '110': 86, '31': 71, '127': 82, '52': 38, '107': 128, '37': 101, '59': 86, '17': 50, '108': 110, '34': 70, '90': 179, '71': 59, '7': 135, '104': 190, '54': 78, '102': 30, '70': 44, '146': 51, '61': 61, '18': 433, '66': 136, '69': 157, '51': 115, '46': 123, '25': 58, '45': 75, '125': 167, '14': 52, '49': 101, '85': 53, '117': 135, '98': 115, '76': 96, '99': 120, '72': 93, '123': 87, '151': 207, '28': 60, '141': 41, '119': 145, '131': 121, '129': 456, '128': 81, '73': 82, '60': 70, '144': 118, '77': 45, '116': 52, '133': 248, '135': 55, '114': 127, '29': 97, '2': 59, '84': 98, '122': 96, '145': 80, '89': 74, '121': 163, '48': 90, '97': 136, '65': 67, '137': 59, '15': 294, '139': 175, '1': 137, '57': 73, '50': 100, '23': 25, '78': 87, '44': 75, '30': 69, '126': 462, '106': 132}"
top-ten-Parsons,"{'68': 350, '8': 713, '41': 471, '143': 504, '38': 342, '105': 29, '92': 416, '88': 739, '47': 387, '124': 375, '81': 319, '58': 122, '111': 219, '6': 75, '109': 39, '91': 653, '27': 303, '138': 56, '16': 451, '24': 143, '42': 201, '22': 221, '5': 264, '93': 272, '3': 331, '95': 290, '21': 341, '80': 75, '83': 268, '9': 439, '86': 210, '67': 302, '4': 340, '103': 294, '53': 618, '13': 296, '20': 335, '149': 343, '94': 375, '63': 375, '35': 849, '112': 459, '36': 324, '11': 357, '62': 245, '150': 166, '79': 352, '12': 661, '26': 441, '110': 532, '39': 557, '127': 766, '118': 311, '52': 323, '107': 691, '37': 95, '59': 340, '108': 537, '17': 489, '34': 461, '90': 1, '71': 708, '31': 672, '7': 727, '74': 295, '104': 1010, '54': 479, '102': 200, '70': 180, '146': 243, '61': 559, '18': 403, '66': 350, '69': 570, '51': 369, '25': 188, '45': 1, '125': 717, '14': 19, '49': 513, '85': 291, '117': 312, '98': 352, '76': 470, '99': 556, '72': 1045, '123': 431, '151': 487, '28': 458, '141': 163, '131': 551, '119': 485, '129': 286, '128': 316, '73': 236, '60': 275, '144': 892, '77': 703, '116': 158, '114': 542, '29': 270, '133': 452, '84': 667, '122': 253, '145': 101, '2': 188, '89': 280, '121': 956, '97': 502, '65': 330, '48': 141, '137': 469, '1': 127, '57': 191, '15': 555, '50': 387, '23': 59, '78': 130, '44': 371, '30': 166, '135': 167, '126': 363}"
max_poll2-Parsons,"{'68': 159, '8': 50, '41': 112, '143': 166, '105': 98, '38': 106, '92': 141, '47': 55, '88': 45, '124': 190, '58': 66, '111': 90, '81': 55, '6': 64, '109': 87, '24': 74, '42': 94, '22': 147, '5': 82, '138': 220, '93': 73, '27': 66, '80': 128, '83': 108, '3': 105, '103': 61, '86': 101, '21': 43, '67': 47, '94': 1, '95': 132, '9': 108, '4': 43, '13': 77, '100': 115, '20': 84, '149': 160, '53': 60, '36': 115, '62': 78, '11': 46, '150': 85, '91': 67, '112': 0, '79': 60, '127': 104, '12': 106, '39': 136, '110': 77, '118': 123, '26': 87, '52': 97, '37': 144, '59': 60, '35': 112, '90': 75, '17': 86, '34': 61, '108': 209, '107': 144, '71': 106, '31': 263, '7': 193, '74': 49, '104': 126, '54': 109, '102': 62, '70': 97, '146': 60, '61': 315, '16': 113, '18': 106, '66': 138, '69': 79, '51': 141, '25': 51, '63': 276, '45': 58, '125': 417, '14': 82, '85': 177, '49': 107, '117': 100, '98': 89, '76': 115, '99': 295, '123': 147, '72': 80, '151': 0, '28': 82, '141': 43, '131': 1, '119': 147, '129': 0, '128': 138, '73': 44, '60': 104, '144': 167, '77': 205, '116': 69, '114': 76, '29': 42, '84': 120, '145': 54, '122': 101, '89': 68, '121': 106, '2': 226, '65': 52, '48': 57, '97': 62, '137': 63, '133': 122, '1': 69, '57': 27, '50': 74, '23': 51, '15': 78, '78': 78, '44': 60, '30': 30, '135': 0, '126': 332}"
ch3ex1muc,"{'128': 8, '65': 7}"
ch3ex2muc,"{'128': 12, '65': 22}"
ch3ex3muc,"{'128': 23, '65': 21}"
ch3ex4muc,"{'128': 10, '65': 12}"
ch3ex5muc,{'128': 25}
ch3ex6muc,{'128': 13}
ch3ex7muc,{'128': 46}
ch3ex8muc,{'128': 6}
ch3ex9muc,{'128': 10}
ch3ex10muc,{'128': 33}
ch3ex11muc,{'128': 39}
ch3ex12muc,"{'128': 55, '65': 44}"
ch4ex1muc,{'128': 16}
ch4ex2muc,{'128': 17}
ch4ex3muc,{'128': 6}
ch4ex4muc,{'128': 7}
ch4ex5muc,{'128': 5}
ch4ex6muc,{'128': 5}
ch4ex7muc,{'128': 8}
ch4ex8muc,{'128': 5}
ch4ex9muc,{'128': 9}
ch4ex10muc,{'128': 7}
ch17ex1muc,"{'98': 46, '74': 25}"
ch17ex2muc,"{'98': 0, '74': 52}"
ch17ex3muc,"{'98': 56, '74': 44}"
ch17ex4muc,"{'98': 25, '74': 17}"
ch17ex5muc,"{'98': 19, '74': 99}"
ch17ex6muc,"{'98': 56, '74': 77}"
ch17ex7muc,"{'98': 37, '74': 26}"
ch16ex1muc,"{'98': 18, '74': 38}"
ch16ex2muc,"{'98': 29, '74': 19}"
ch16ex3muc,"{'98': 25, '74': 39}"
ch16ex4muc,"{'98': 44, '74': 45}"
ch16ex5muc,"{'98': 53, '74': 78}"
ch16ex6muc,"{'98': 85, '74': 67}"
ch16ex7muc,"{'98': 47, '74': 66}"
18_3_1_printInfoForCity,{'87': 43}
midtermRegexCountSumsv2,"{'38': 230, '65': 298, '86': 649, '93': 228, '41': 712, '137': 605, '82': 337, '8': 596, '128': 329, '70': 269, '49': 326, '94': 456, '60': 629, '35': 454, '81': 245, '100': 234, '12': 291, '103': 123, '77': 174, '116': 125, '44': 209, '37': 153, '66': 39, '21': 344, '68': 137, '114': 357, '122': 196, '53': 221, '5': 396, '3': 353, '26': 0, '97': 254, '59': 183, '92': 194, '4': 419, '105': 41, '54': 152, '127': 233, '90': 367, '104': 329, '78': 276, '111': 151, '80': 182, '1': 101, '55': 255, '140': 113, '109': 103, '67': 154, '30': 160, '117': 239, '33': 171, '79': 234, '84': 375, '87': 394, '24': 158, '151': 295, '58': 54, '144': 155, '108': 191, '29': 284, '118': 330, '36': 281, '110': 333, '6': 291, '74': 571, '99': 442, '149': 139, '150': 200, '119': 310, '39': 351, '42': 147, '101': 133, '15': 180, '106': 291, '13': 339, '72': 165, '20': 120, '121': 478, '28': 192, '62': 237, '113': 281, '25': 246, '124': 194, '47': 227, '88': 218, '125': 333, '112': 556, '138': 93, '2': 82, '9': 263, '141': 108, '123': 227, '102': 60, '27': 241, '7': 125, '51': 223, '75': 113, '146': 143, '17': 233, '61': 314, '71': 965, '40': 92, '52': 260, '14': 138, '16': 377, '126': 1168, '18': 86, '34': 278, '133': 428, '23': 140, '98': 137, '45': 194, '129': 219, '63': 273, '83': 230, '95': 216, '107': 258, '85': 322, '31': 147, '56': 564, '73': 182, '89': 168, '91': 175, '135': 137, '22': 197, '69': 269, '139': 94, '46': 297, '48': 155, '57': 44, '50': 133, '145': 232, '11': 252, '76': 100}"
htmlp1-v2,"{'42': 154, '8': 144, '150': 129, '94': 108, '138': 113, '68': 174, '70': 102, '3': 58, '106': 118, '97': 140, '75': 129, '79': 112, '117': 152, '36': 114, '55': 85, '24': 104, '6': 43, '54': 44, '105': 173, '104': 53, '99': 348, '35': 301, '4': 99, '44': 69, '9': 39, '37': 135, '81': 134, '86': 94, '26': 82, '108': 167, '33': 136, '82': 29, '116': 141, '102': 47, '56': 110, '41': 372, '31': 55, '77': 132, '67': 41, '51': 89, '12': 70, '107': 47, '34': 126, '14': 104, '121': 55, '151': 42, '18': 104, '72': 125, '119': 85, '61': 85, '74': 161, '87': 53, '110': 128, '90': 66, '126': 304, '39': 91, '30': 97, '103': 120, '83': 145, '80': 67, '91': 130, '5': 85, '59': 97, '92': 189, '2': 78, '13': 80, '140': 66, '118': 89, '66': 29, '114': 120, '52': 68, '20': 57, '89': 42, '49': 112, '38': 47, '16': 144, '88': 44, '113': 164, '84': 71, '45': 49, '28': 55, '128': 62, '15': 247, '111': 108, '85': 168, '7': 150, '21': 59, '47': 31, '135': 81, '146': 48, '23': 41, '27': 73, '46': 68, '98': 0, '149': 83, '93': 187, '145': 232, '22': 84, '122': 106, '25': 56, '125': 112, '71': 223, '62': 68, '11': 96, '144': 83, '69': 137, '112': 60, '17': 116, '137': 36, '127': 340, '53': 92, '109': 32, '73': 141, '40': 181, '141': 70, '95': 0, '123': 64, '133': 129, '139': 106, '58': 43, '60': 300, '124': 130, '63': 41, '78': 41, '29': 115, '57': 27}"
htmlp2,"{'42': 76, '8': 42, '150': 188, '94': 74, '138': 77, '3': 36, '70': 172, '106': 94, '79': 80, '75': 69, '36': 108, '97': 180, '55': 220, '24': 69, '54': 28, '68': 151, '117': 231, '105': 260, '104': 107, '6': 50, '4': 144, '44': 72, '99': 126, '35': 114, '9': 53, '37': 113, '81': 50, '26': 182, '86': 140, '102': 46, '82': 111, '31': 64, '33': 82, '107': 55, '108': 44, '151': 35, '67': 0, '121': 75, '87': 97, '51': 164, '56': 132, '116': 110, '80': 185, '66': 98, '90': 157, '119': 124, '61': 131, '30': 133, '34': 62, '89': 37, '5': 174, '13': 79, '12': 189, '2': 111, '110': 74, '39': 48, '140': 109, '38': 47, '59': 175, '103': 90, '18': 152, '20': 24, '14': 79, '52': 106, '72': 105, '91': 195, '118': 99, '77': 38, '88': 115, '45': 36, '74': 59, '114': 109, '84': 68, '28': 63, '16': 104, '92': 125, '113': 87, '126': 596, '41': 55, '128': 173, '111': 118, '49': 44, '15': 282, '7': 153, '21': 165, '47': 40, '135': 37, '146': 21, '23': 33, '27': 65, '46': 83, '98': 50, '149': 67, '93': 32, '145': 41, '22': 88, '83': 134, '122': 54, '25': 115, '125': 99, '85': 117, '71': 244, '62': 97, '11': 81, '144': 63, '69': 93, '17': 172, '137': 24, '127': 137, '112': 83, '53': 110, '109': 26, '73': 59, '40': 51, '141': 42, '95': 64, '123': 69, '133': 30, '139': 27, '58': 79, '60': 76, '124': 121, '63': 58, '78': 37, '29': 49, '57': 33}"
htmlp3,"{'42': 45, '8': 74, '150': 252, '94': 29, '138': 102, '3': 37, '70': 69, '106': 45, '75': 141, '36': 48, '79': 39, '54': 43, '24': 49, '55': 66, '68': 75, '117': 45, '97': 101, '105': 190, '104': 232, '6': 32, '44': 52, '4': 122, '9': 53, '99': 61, '81': 57, '37': 155, '102': 38, '67': 26, '108': 64, '151': 37, '31': 28, '107': 54, '77': 9, '86': 47, '26': 52, '121': 139, '33': 51, '82': 138, '20': 40, '89': 34, '87': 43, '34': 37, '38': 93, '66': 101, '116': 60, '39': 71, '13': 29, '56': 82, '110': 52, '103': 88, '45': 27, '119': 112, '140': 42, '30': 33, '2': 129, '90': 90, '14': 63, '51': 95, '61': 118, '72': 93, '118': 85, '52': 56, '74': 49, '18': 107, '88': 37, '84': 45, '59': 95, '5': 67, '12': 122, '80': 99, '28': 78, '35': 83, '114': 92, '91': 97, '16': 94, '41': 37, '92': 79, '49': 42, '128': 96, '111': 86, '113': 51, '15': 73, '7': 62, '21': 55, '126': 299, '47': 28, '135': 23, '146': 16, '23': 27, '27': 65, '46': 38, '98': 42, '149': 43, '93': 54, '145': 26, '22': 84, '83': 51, '122': 29, '25': 24, '125': 142, '85': 91, '71': 163, '62': 59, '11': 132, '144': 44, '69': 117, '17': 150, '137': 35, '127': 137, '112': 51, '53': 127, '109': 27, '73': 52, '40': 35, '141': 82, '95': 82, '123': 41, '133': 74, '139': 66, '58': 62, '60': 54, '124': 47, '63': 24, '78': 46, '29': 38, '57': 34}"
htmlp4,"{'42': 49, '8': 56, '150': 99, '94': 49, '138': 91, '3': 26, '70': 63, '106': 43, '36': 42, '75': 40, '79': 300, '54': 34, '24': 96, '55': 52, '68': 291, '117': 41, '97': 233, '6': 23, '105': 214, '44': 61, '104': 143, '9': 40, '4': 97, '81': 40, '99': 59, '102': 48, '67': 39, '31': 29, '151': 25, '37': 87, '107': 57, '108': 33, '86': 40, '26': 50, '20': 27, '89': 33, '34': 43, '33': 74, '77': 24, '116': 46, '87': 38, '45': 32, '110': 75, '121': 76, '30': 27, '38': 45, '13': 38, '66': 146, '39': 38, '140': 41, '56': 66, '82': 132, '49': 153, '103': 0, '74': 46, '90': 70, '52': 47, '118': 50, '14': 45, '84': 43, '88': 31, '51': 61, '119': 113, '61': 94, '2': 241, '5': 97, '18': 39, '59': 40, '72': 50, '80': 130, '35': 66, '114': 75, '28': 64, '91': 166, '41': 38, '16': 55, '12': 34, '92': 106, '128': 189, '111': 89, '113': 88, '7': 111, '21': 82, '15': 333, '47': 22, '126': 251, '135': 22, '146': 15, '23': 50, '27': 57, '46': 91, '98': 55, '149': 58, '93': 75, '145': 45, '22': 37, '83': 228, '122': 285, '25': 82, '125': 201, '85': 53, '71': 23, '62': 0, '11': 165, '144': 59, '69': 81, '17': 30, '137': 35, '127': 31, '112': 58, '65': 67, '53': 149, '109': 80, '73': 49, '40': 226, '141': 31, '95': 73, '58': 359, '129': 107, '123': 88, '133': 27, '139': 24, '124': 125, '60': 49, '48': 76, '63': 67, '78': 59, '29': 31, '57': 19}"
htmlp5,"{'42': 50, '8': 113, '94': 36, '3': 84, '138': 162, '106': 98, '70': 116, '36': 52, '75': 154, '150': 122, '54': 44, '55': 62, '24': 89, '79': 49, '117': 46, '6': 51, '68': 66, '44': 63, '105': 181, '104': 242, '9': 46, '81': 41, '97': 92, '99': 76, '102': 42, '67': 53, '151': 36, '31': 64, '49': 121, '107': 45, '108': 85, '4': 109, '86': 48, '37': 327, '20': 42, '89': 42, '77': 95, '34': 57, '26': 86, '116': 81, '45': 32, '30': 60, '87': 65, '38': 48, '140': 49, '39': 90, '33': 195, '110': 90, '121': 56, '56': 85, '88': 43, '74': 49, '14': 58, '52': 74, '118': 61, '13': 35, '84': 91, '90': 74, '51': 103, '103': 77, '82': 36, '18': 72, '59': 68, '72': 50, '61': 206, '119': 205, '5': 68, '41': 49, '28': 86, '114': 169, '35': 75, '80': 57, '16': 191, '66': 66, '91': 150, '2': 96, '12': 123, '111': 193, '92': 66, '128': 170, '7': 56, '21': 83, '47': 31, '15': 59, '126': 166, '135': 30, '113': 91, '146': 22, '23': 35, '27': 47, '46': 36, '98': 173, '149': 81, '93': 132, '145': 108, '22': 65, '83': 69, '122': 148, '25': 92, '125': 161, '85': 586, '71': 68, '62': 65, '11': 118, '144': 99, '69': 157, '17': 83, '137': 42, '127': 68, '112': 161, '53': 138, '58': 0, '109': 40, '73': 169, '40': 131, '141': 50, '95': 107, '123': 160, '133': 87, '139': 56, '60': 163, '124': 149, '63': 112, '78': 90, '29': 133, '57': 64}"
midtermFiindMonth,"{'41': 305, '135': 97, '93': 128, '74': 180, '127': 339, '16': 318, '8': 198, '105': 210, '151': 225, '13': 492, '70': 438, '86': 264, '65': 212, '20': 135, '97': 150, '23': 191, '87': 348, '66': 229, '24': 221, '69': 560, '109': 1, '55': 19, '116': 253, '111': 243, '103': 153, '104': 25, '26': 201, '90': 442, '6': 253, '138': 112, '15': 1167, '68': 487, '12': 249, '82': 163, '137': 407, '2': 1230, '14': 138, '44': 281, '98': 186, '42': 263, '85': 412, '119': 467, '37': 273, '61': 254, '30': 370, '122': 232, '141': 174, '101': 612, '83': 351, '80': 342, '27': 282, '58': 292, '129': 321, '35': 363, '67': 165, '52': 199, '121': 296, '108': 367, '28': 341, '39': 193, '124': 240, '139': 177, '88': 200, '60': 555, '73': 155, '99': 313, '45': 302, '38': 269, '7': 610, '77': 85, '91': 268, '3': 179, '4': 251, '56': 436, '112': 221, '94': 213, '128': 0, '118': 199, '150': 654, '149': 160, '11': 273, '62': 429, '59': 201, '25': 257, '53': 177, '114': 318, '123': 181, '18': 294, '75': 285, '36': 1, '48': 164, '72': 349, '9': 143, '133': 269, '126': 129, '33': 141, '102': 70, '17': 109, '78': 117, '22': 168, '145': 4, '40': 0, '46': 140}"
midtermRegexCountSums,"{'41': 112, '135': 286, '93': 98, '74': 107, '127': 178, '16': 238, '8': 95, '151': 102, '105': 328, '65': 114, '13': 289, '70': 178, '20': 92, '97': 187, '23': 101, '55': 72, '116': 101, '66': 102, '111': 112, '109': 117, '26': 75, '90': 596, '6': 142, '138': 1, '69': 252, '24': 107, '12': 158, '82': 153, '137': 207, '103': 145, '14': 357, '68': 56, '86': 217, '44': 67, '15': 412, '98': 175, '42': 143, '119': 290, '37': 236, '85': 292, '30': 96, '122': 62, '141': 153, '83': 255, '80': 120, '27': 161, '58': 247, '35': 138, '67': 82, '129': 169, '52': 173, '121': 145, '2': 565, '108': 119, '28': 641, '39': 297, '124': 136, '139': 144, '88': 89, '73': 151, '99': 126, '60': 385, '45': 235, '38': 128, '77': 134, '7': 142, '91': 193, '3': 157, '4': 99, '112': 90, '94': 268, '128': 87, '118': 57, '149': 53, '104': 156, '150': 99, '62': 194, '11': 385, '87': 175, '59': 195, '53': 69, '114': 313, '123': 133, '18': 81, '75': 230, '36': 167, '48': 116, '72': 157, '25': 120, '9': 131, '126': 177, '133': 1, '56': 55, '33': 88, '102': 36, '17': 109, '78': 56, '22': 159, '92': 102, '40': 97, '84': 91, '46': 76}"
p-regex_get_hosts,"{'41': 143, '135': 97, '93': 55, '74': 121, '127': 185, '16': 162, '8': 130, '151': 424, '65': 60, '13': 259, '20': 169, '70': 158, '97': 104, '55': 201, '109': 139, '24': 47, '116': 44, '111': 188, '66': 76, '26': 99, '6': 94, '138': 91, '90': 128, '69': 134, '12': 208, '82': 136, '137': 209, '103': 116, '14': 190, '68': 0, '86': 115, '44': 157, '98': 200, '42': 158, '15': 221, '119': 216, '37': 86, '85': 366, '30': 92, '122': 289, '141': 56, '105': 104, '83': 282, '80': 72, '27': 167, '58': 154, '35': 250, '67': 66, '129': 83, '52': 70, '121': 216, '108': 262, '2': 556, '123': 183, '124': 412, '39': 107, '139': 117, '88': 59, '28': 196, '99': 109, '38': 178, '45': 76, '77': 91, '60': 280, '7': 158, '91': 196, '73': 131, '3': 133, '4': 206, '23': 97, '112': 359, '94': 153, '128': 188, '149': 177, '118': 157, '150': 121, '104': 375, '62': 128, '59': 123, '87': 87, '11': 687, '53': 115, '114': 98, '18': 90, '36': 107, '75': 260, '48': 102, '72': 171, '25': 134, '9': 70, '126': 240, '84': 158, '133': 129, '56': 68, '33': 149, '102': 83, '17': 126, '78': 60, '22': 179, '92': 96, '144': 137, '40': 210, '46': 68}"
midtermGetLines,"{'41': 41, '135': 28, '93': 23, '74': 56, '127': 50, '16': 27, '8': 36, '151': 50, '13': 162, '20': 51, '70': 67, '65': 19, '97': 19, '109': 53, '24': 46, '66': 36, '111': 54, '116': 22, '26': 31, '138': 144, '6': 24, '69': 41, '90': 51, '12': 92, '82': 53, '137': 40, '103': 48, '14': 61, '68': 30, '86': 48, '44': 26, '15': 77, '98': 71, '42': 73, '119': 46, '37': 116, '30': 54, '85': 85, '122': 27, '141': 35, '105': 82, '83': 45, '80': 30, '27': 36, '58': 40, '35': 110, '67': 24, '129': 26, '52': 96, '121': 0, '108': 75, '2': 141, '123': 37, '39': 34, '124': 44, '88': 53, '55': 36, '28': 107, '99': 53, '38': 45, '77': 14, '7': 20, '60': 173, '91': 29, '73': 66, '139': 42, '45': 43, '3': 23, '4': 42, '23': 22, '112': 284, '150': 1, '128': 38, '149': 62, '94': 13, '118': 27, '104': 32, '62': 31, '59': 40, '87': 152, '11': 224, '53': 54, '114': 56, '18': 58, '36': 36, '75': 59, '48': 21, '72': 83, '25': 26, '9': 31, '126': 223, '133': 28, '84': 60, '33': 39, '102': 30, '17': 29, '78': 28, '22': 28, '92': 21, '144': 36, '40': 28, '46': 35}"
xml1,"{'106': 49, '93': 23, '68': 19, '41': 29, '3': 27, '92': 25, '88': 110, '24': 0, '8': 12, '116': 10, '16': 72, '49': 30, '65': 26, '22': 47, '58': 25, '27': 27, '67': 16, '35': 31, '98': 14, '97': 15, '145': 15, '9': 17, '70': 21, '54': 13, '11': 108, '37': 14, '21': 26, '6': 14, '29': 10, '138': 13, '102': 23, '12': 25, '108': 17, '114': 23, '55': 42, '100': 14, '63': 15, '150': 29, '128': 18, '39': 51, '75': 45, '82': 25, '122': 24, '86': 12, '99': 30, '81': 12, '40': 22, '26': 21, '74': 13, '18': 23, '50': 22, '44': 19, '110': 31, '31': 46, '78': 19, '61': 22, '14': 20, '69': 55, '42': 11, '28': 19, '51': 22, '101': 39, '59': 31, '103': 31, '121': 28, '144': 31, '66': 11, '85': 84, '119': 36, '83': 28, '113': 126, '72': 21, '17': 17, '91': 19, '79': 37, '62': 41, '2': 15, '90': 8, '56': 43, '33': 34, '34': 20, '147': 42, '25': 26, '4': 40, '124': 38, '125': 35, '140': 16, '15': 20, '146': 17, '89': 20, '109': 10, '7': 27, '94': 31, '127': 31, '84': 21, '23': 35, '5': 29, '47': 15, '46': 20, '129': 18, '141': 23, '149': 51, '126': 18, '38': 26, '111': 32, '118': 23, '105': 72, '104': 38, '13': 16, '52': 30, '45': 22, '107': 25, '133': 15, '71': 42, '30': 26, '135': 15, '123': 23, '53': 65, '76': 30, '20': 10, '36': 33, '60': 17, '73': 17, '77': 57, '87': 199, '117': 16, '139': 30, '112': 27, '95': 35, '137': 10, '48': 32, '151': 25}"
xml_1,"{'106': 99, '93': 58, '68': 95, '41': 55, '3': 34, '92': 63, '88': 46, '24': 75, '8': 77, '116': 55, '65': 111, '22': 80, '27': 63, '58': 98, '98': 58, '49': 238, '145': 45, '35': 52, '9': 46, '67': 32, '97': 55, '54': 108, '70': 34, '16': 53, '37': 35, '138': 250, '108': 31, '12': 54, '102': 30, '100': 49, '21': 118, '128': 37, '86': 69, '81': 36, '122': 34, '150': 82, '114': 82, '74': 56, '29': 54, '44': 44, '14': 71, '78': 66, '55': 39, '75': 102, '26': 87, '110': 109, '18': 93, '61': 55, '50': 29, '66': 64, '28': 57, '39': 102, '42': 60, '59': 45, '83': 136, '103': 61, '144': 62, '31': 37, '40': 33, '17': 54, '99': 95, '51': 34, '69': 67, '80': 30, '6': 46, '82': 72, '121': 35, '91': 68, '119': 83, '63': 79, '11': 106, '101': 201, '72': 60, '2': 40, '34': 38, '79': 49, '33': 47, '85': 144, '56': 85, '25': 96, '62': 54, '147': 112, '113': 86, '4': 63, '90': 0, '125': 45, '140': 39, '124': 73, '15': 289, '146': 41, '89': 35, '109': 47, '7': 52, '94': 79, '127': 111, '84': 112, '23': 59, '5': 57, '47': 254, '46': 50, '129': 59, '141': 88, '149': 128, '38': 118, '111': 75, '118': 86, '104': 131, '105': 80, '13': 82, '52': 56, '45': 31, '107': 128, '133': 36, '30': 32, '71': 82, '135': 48, '123': 51, '53': 58, '76': 89, '20': 109, '36': 41, '60': 62, '73': 59, '77': 54, '87': 69, '117': 69, '139': 35, '112': 25, '95': 549, '137': 43, '126': 705, '48': 223, '151': 38}"
xml_2,"{'106': 49, '93': 128, '68': 0, '41': 54, '3': 54, '92': 38, '88': 64, '24': 105, '8': 38, '116': 37, '65': 68, '49': 66, '22': 122, '27': 40, '58': 351, '98': 101, '145': 47, '9': 27, '35': 70, '67': 32, '70': 34, '97': 94, '37': 41, '102': 41, '122': 60, '128': 65, '81': 67, '12': 38, '44': 48, '50': 67, '108': 35, '100': 76, '86': 71, '29': 23, '74': 39, '54': 49, '61': 30, '90': 246, '28': 64, '114': 31, '80': 16, '42': 38, '66': 31, '150': 61, '14': 40, '78': 60, '59': 37, '31': 47, '17': 92, '51': 68, '21': 34, '103': 76, '6': 36, '144': 101, '55': 211, '18': 163, '75': 87, '40': 57, '138': 79, '26': 71, '69': 28, '121': 179, '110': 152, '39': 96, '91': 64, '2': 36, '34': 35, '99': 49, '63': 33, '79': 23, '83': 78, '119': 88, '72': 104, '82': 63, '62': 30, '11': 114, '56': 52, '25': 92, '113': 38, '33': 143, '85': 61, '147': 79, '101': 64, '4': 31, '140': 33, '125': 49, '124': 43, '16': 48, '15': 219, '146': 21, '89': 124, '109': 71, '7': 54, '94': 121, '127': 100, '84': 95, '23': 23, '5': 62, '47': 118, '46': 36, '129': 51, '141': 58, '149': 114, '126': 667, '38': 28, '111': 79, '118': 109, '105': 1, '104': 23, '13': 36, '52': 25, '45': 24, '107': 72, '133': 82, '30': 29, '71': 435, '135': 32, '123': 18, '53': 51, '76': 71, '20': 42, '36': 96, '60': 55, '73': 121, '77': 27, '87': 96, '117': 88, '139': 26, '112': 41, '95': 80, '137': 34, '48': 70, '151': 70}"
json_read_file1,"{'106': 1, '93': 97, '68': 106, '41': 175, '3': 122, '88': 175, '8': 75, '24': 157, '116': 183, '27': 184, '65': 64, '92': 475, '145': 77, '58': 116, '35': 250, '67': 95, '86': 77, '21': 110, '66': 146, '49': 146, '150': 310, '18': 86, '102': 101, '101': 625, '40': 352, '144': 174, '70': 143, '44': 209, '42': 132, '98': 88, '26': 55, '37': 107, '54': 176, '103': 175, '80': 63, '9': 72, '61': 65, '50': 175, '14': 103, '59': 101, '114': 321, '2': 122, '90': 108, '6': 116, '62': 47, '108': 65, '34': 95, '69': 164, '51': 121, '91': 95, '17': 127, '97': 201, '12': 76, '33': 226, '39': 49, '81': 109, '140': 123, '110': 108, '11': 123, '128': 119, '113': 247, '74': 97, '99': 88, '28': 52, '72': 94, '31': 102, '119': 166, '78': 112, '75': 122, '100': 179, '79': 120, '121': 75, '4': 161, '124': 297, '147': 272, '83': 96, '138': 379, '85': 187, '29': 270, '25': 241, '125': 265, '122': 140, '82': 314, '63': 86, '16': 98, '146': 60, '89': 208, '22': 421, '109': 258, '7': 149, '94': 182, '127': 177, '23': 237, '104': 257, '5': 75, '47': 268, '46': 98, '129': 190, '141': 202, '149': 80, '38': 170, '36': 104, '111': 99, '118': 131, '13': 163, '105': 255, '45': 210, '107': 239, '133': 80, '15': 141, '30': 64, '52': 78, '71': 314, '123': 72, '135': 124, '53': 79, '76': 159, '20': 123, '55': 158, '60': 147, '73': 157, '77': 143, '87': 125, '117': 265, '139': 94, '112': 261, '95': 546, '84': 114, '137': 166, '126': 715, '56': 610, '151': 82}"
json_list1,"{'93': 29, '68': 72, '3': 51, '41': 100, '88': 99, '116': 52, '8': 60, '24': 93, '27': 49, '65': 52, '145': 76, '58': 162, '92': 59, '86': 80, '67': 69, '35': 151, '106': 72, '66': 113, '49': 73, '18': 117, '102': 94, '40': 62, '144': 128, '70': 49, '42': 36, '44': 107, '98': 37, '26': 49, '37': 56, '80': 41, '9': 45, '61': 56, '39': 29, '108': 45, '59': 38, '12': 54, '62': 53, '14': 71, '90': 65, '34': 64, '101': 62, '28': 53, '2': 87, '91': 52, '6': 29, '99': 175, '110': 34, '81': 63, '72': 49, '17': 36, '51': 53, '54': 49, '140': 54, '31': 82, '103': 249, '128': 68, '50': 105, '74': 56, '121': 31, '69': 81, '78': 25, '97': 105, '83': 119, '119': 116, '75': 177, '11': 65, '4': 105, '113': 151, '100': 75, '114': 50, '79': 50, '147': 89, '85': 440, '122': 36, '25': 37, '63': 42, '138': 73, '33': 64, '125': 79, '124': 76, '82': 65, '29': 65, '16': 111, '146': 32, '89': 92, '22': 154, '109': 4, '21': 159, '7': 61, '94': 36, '127': 63, '23': 60, '104': 105, '5': 42, '47': 59, '46': 74, '129': 135, '141': 78, '149': 80, '150': 86, '38': 130, '36': 55, '111': 151, '118': 226, '13': 80, '105': 28, '45': 45, '107': 154, '133': 48, '30': 37, '15': 325, '52': 46, '123': 54, '135': 42, '53': 79, '76': 82, '20': 41, '55': 108, '60': 265, '73': 122, '77': 40, '71': 104, '87': 53, '117': 133, '139': 64, '112': 56, '95': 201, '84': 66, '137': 64, '56': 115, '126': 224}"
json_req1,"{'93': 125, '68': 50, '3': 134, '41': 123, '88': 120, '116': 214, '8': 160, '24': 244, '65': 164, '27': 86, '145': 200, '92': 191, '86': 218, '67': 92, '66': 229, '35': 258, '49': 372, '18': 150, '102': 322, '40': 475, '42': 129, '144': 167, '98': 161, '44': 132, '70': 308, '106': 162, '83': 136, '26': 44, '80': 82, '37': 133, '9': 113, '39': 174, '61': 111, '59': 116, '108': 125, '12': 220, '62': 171, '6': 63, '91': 93, '17': 56, '110': 114, '28': 252, '34': 123, '101': 283, '51': 124, '54': 189, '90': 551, '2': 410, '140': 106, '72': 220, '14': 133, '121': 237, '81': 91, '78': 113, '74': 105, '128': 192, '50': 127, '69': 339, '33': 204, '97': 371, '99': 164, '11': 141, '119': 215, '31': 145, '114': 141, '4': 202, '124': 131, '100': 206, '79': 93, '103': 253, '75': 350, '147': 383, '113': 749, '122': 100, '25': 448, '63': 109, '138': 86, '125': 263, '82': 274, '29': 101, '16': 200, '146': 62, '58': 278, '89': 108, '22': 183, '109': 346, '21': 194, '7': 174, '94': 512, '127': 163, '23': 561, '104': 430, '85': 213, '5': 314, '47': 359, '46': 276, '129': 150, '141': 210, '149': 143, '150': 198, '38': 189, '36': 188, '111': 596, '118': 64, '13': 233, '105': 134, '45': 120, '107': 195, '133': 249, '30': 83, '15': 721, '52': 118, '123': 104, '135': 76, '53': 111, '76': 223, '20': 66, '55': 118, '60': 452, '77': 113, '73': 211, '71': 181, '87': 336, '117': 4, '139': 102, '112': 603, '95': 479, '84': 241, '137': 205, '56': 285, '126': 191}"
json_pp1,"{'93': 48, '138': 16, '6': 196, '116': 19, '24': 16, '65': 30, '92': 143, '70': 28, '42': 48, '67': 20, '3': 138, '103': 82, '34': 89, '144': 53, '102': 33, '5': 55, '9': 26, '90': 26, '88': 62, '100': 53, '110': 35, '81': 63, '74': 196, '111': 44, '118': 24, '106': 56, '37': 45, '91': 18, '39': 38, '78': 20, '26': 24, '46': 25, '51': 62, '14': 25, '41': 46, '62': 162, '4': 32, '35': 39, '29': 63, '17': 296, '49': 50, '63': 64, '128': 60, '72': 56, '12': 81, '108': 27, '140': 31, '80': 71, '8': 66, '54': 16, '44': 34, '97': 16, '113': 68, '104': 87, '7': 24, '13': 84, '105': 116, '112': 85, '11': 131, '16': 58, '45': 46, '146': 239, '21': 33, '98': 57, '124': 53, '25': 34, '150': 158, '18': 48, '50': 34, '114': 47, '15': 68, '47': 25, '28': 71, '149': 26, '27': 65, '135': 33, '53': 150, '76': 46, '20': 34, '129': 36, '82': 147, '52': 57, '59': 53, '66': 18, '107': 87, '79': 133, '33': 82, '69': 61, '86': 25, '60': 60, '68': 45, '23': 26, '58': 29, '40': 48, '141': 39, '117': 18, '38': 32, '36': 77, '83': 13, '94': 98, '61': 83, '122': 114, '125': 56, '30': 60, '123': 67, '99': 77, '84': 51, '139': 42, '121': 52, '133': 43, '73': 166, '126': 229, '55': 48, '85': 90, '57': 1}"
json_pp2,"{'93': 82, '138': 88, '6': 68, '116': 109, '24': 514, '65': 105, '70': 338, '144': 200, '92': 463, '67': 134, '42': 144, '3': 797, '103': 371, '34': 664, '102': 187, '5': 108, '9': 49, '90': 1016, '88': 64, '110': 266, '100': 0, '81': 150, '91': 223, '111': 167, '118': 192, '37': 212, '39': 90, '74': 259, '78': 447, '26': 306, '46': 45, '41': 55, '51': 143, '62': 360, '4': 344, '14': 137, '35': 96, '49': 288, '29': 206, '63': 87, '106': 218, '128': 130, '72': 111, '17': 65, '108': 640, '140': 105, '12': 78, '80': 63, '8': 177, '54': 278, '44': 197, '97': 93, '113': 262, '7': 320, '104': 366, '13': 86, '105': 335, '112': 221, '11': 82, '16': 297, '45': 54, '146': 28, '21': 153, '98': 69, '124': 137, '25': 498, '150': 180, '18': 541, '50': 120, '114': 268, '15': 92, '47': 113, '28': 0, '149': 89, '27': 121, '135': 135, '53': 94, '76': 292, '20': 29, '129': 206, '82': 311, '52': 272, '59': 155, '66': 129, '69': 570, '33': 539, '86': 121, '79': 97, '60': 85, '68': 172, '107': 150, '23': 64, '58': 587, '40': 501, '141': 99, '117': 167, '38': 240, '36': 91, '83': 71, '94': 207, '61': 207, '122': 110, '125': 220, '30': 186, '123': 192, '99': 506, '84': 231, '139': 54, '121': 337, '133': 197, '73': 220, '126': 723, '55': 146, '85': 348}"
dbsel1,"{'93': 71, '41': 63, '39': 143, '81': 89, '65': 85, '128': 82, '51': 51, '86': 30, '74': 88, '110': 63, '77': 176, '70': 92, '103': 89, '18': 43, '37': 72, '2': 135, '6': 56, '3': 70, '45': 186, '4': 32, '35': 150, '26': 61, '54': 31, '63': 63, '8': 88, '108': 73, '78': 24, '114': 72, '119': 164, '121': 122, '72': 93, '24': 60, '11': 103, '80': 115, '62': 99, '60': 50, '82': 31, '90': 23, '9': 50, '100': 109, '55': 46, '25': 53, '29': 33, '61': 99, '88': 53, '14': 0, '127': 88, '49': 38, '113': 193, '79': 51, '69': 56, '118': 87, '89': 44, '66': 45, '33': 52, '105': 2, '44': 87, '46': 175, '116': 43, '7': 75, '97': 28, '13': 131, '17': 277, '107': 85, '12': 115, '23': 47, '58': 188, '21': 99, '141': 90, '40': 63, '117': 67, '47': 36, '98': 59, '104': 55, '27': 66, '146': 30, '38': 67, '138': 33, '42': 71, '67': 133, '102': 66, '36': 138, '149': 51, '28': 388, '150': 265, '92': 51, '5': 114, '59': 66, '83': 54, '151': 32, '135': 56, '68': 29, '16': 54, '111': 168, '125': 187, '94': 86, '122': 39, '20': 34, '123': 132, '99': 112, '75': 164, '22': 278, '91': 165, '109': 33, '129': 37, '124': 67, '144': 48, '84': 1, '147': 323, '48': 42, '137': 33, '76': 119, '31': 43, '50': 116, '140': 73, '95': 229, '56': 120, '139': 78, '73': 53, '15': 1, '126': 139, '52': 98, '57': 96, '53': 120, '106': 55, '71': 58, '133': 35, '30': 54, '101': 93}"
db2exv2,"{'55': 189, '86': 96, '6': 1, '24': 72, '18': 165, '51': 129, '41': 128, '93': 100, '54': 88, '106': 0, '37': 130, '78': 105, '3': 104, '128': 142, '4': 89, '65': 89, '81': 67, '103': 140, '70': 141, '90': 55, '26': 123, '74': 255, '110': 85, '63': 75, '8': 351, '39': 159, '2': 118, '108': 162, '114': 129, '72': 152, '35': 102, '121': 314, '77': 161, '45': 222, '60': 92, '119': 235, '62': 209, '11': 122, '25': 143, '9': 176, '80': 90, '100': 124, '29': 67, '82': 461, '79': 125, '61': 134, '49': 101, '88': 85, '127': 130, '118': 352, '69': 169, '66': 83, '113': 534, '105': 285, '33': 105, '14': 239, '44': 68, '116': 44, '7': 92, '97': 89, '13': 163, '17': 173, '107': 121, '12': 252, '46': 171, '23': 100, '58': 1, '21': 11, '141': 0, '40': 140, '117': 104, '47': 733, '98': 40, '104': 217, '27': 108, '146': 86, '38': 116, '138': 120, '42': 137, '102': 73, '36': 213, '67': 461, '149': 70, '28': 393, '150': 181, '92': 242, '5': 182, '59': 76, '83': 91, '135': 48, '68': 99, '16': 77, '111': 192, '125': 191, '94': 288, '151': 376, '122': 50, '20': 83, '123': 81, '99': 172, '75': 300, '22': 100, '91': 430, '89': 92, '109': 1, '129': 90, '124': 290, '144': 69, '84': 153, '48': 174, '147': 218, '137': 44, '76': 160, '31': 94, '50': 159, '140': 112, '95': 188, '56': 84, '139': 75, '73': 123, '15': 262, '126': 205, '52': 68, '57': 80, '53': 148, '71': 118, '133': 50, '30': 111, '101': 116}"
exp1_pp1a,"{'117': 117, '38': 93, '36': 273, '124': 142, '150': 132, '93': 84, '83': 1, '15': 803, '14': 202, '13': 187, '97': 71, '66': 83, '122': 169, '135': 54, '3': 186, '94': 71, '52': 50, '113': 869, '111': 130, '18': 450, '16': 119, '86': 57, '20': 94, '127': 168, '30': 26, '123': 118, '53': 89, '23': 59, '101': 13, '84': 222, '73': 148, '137': 198, '76': 339, '71': 355, '87': 101, '133': 147, '126': 454, '6': 339, '102': 47, '141': 78, '65': 73, '60': 571, '33': 85, '106': 155, '107': 119, '40': 103, '29': 136, '114': 170, '1': 112, '121': 133, '58': 73, '77': 93, '59': 113, '27': 64, '5': 149, '8': 230, '128': 108, '44': 90, '82': 277, '48': 110, '12': 53, '24': 132, '46': 68, '63': 194, '9': 118, '42': 158, '68': 41, '90': 714, '146': 55, '49': 203, '4': 96, '98': 145, '55': 91, '104': 162, '119': 166, '85': 94, '138': 67, '25': 47, '140': 147, '67': 70, '151': 204, '45': 135, '99': 22, '125': 313, '116': 71, '57': 215, '103': 207, '35': 257, '144': 158, '26': 115, '17': 85, '56': 230, '34': 78, '118': 67, '2': 372, '81': 81, '62': 78, '112': 157, '100': 200, '31': 104, '139': 69, '69': 354, '72': 258}"
exp1_pp3,"{'117': 22, '38': 37, '36': 25, '124': 156, '150': 17, '93': 21, '83': 20, '14': 11, '13': 33, '15': 229, '66': 9, '122': 11, '135': 19, '3': 18, '94': 16, '111': 21, '52': 11, '20': 13, '127': 152, '30': 7, '123': 13, '53': 22, '23': 14, '101': 15, '84': 52, '73': 12, '76': 15, '71': 9, '113': 91, '87': 16, '133': 10, '126': 39, '6': 6, '102': 8, '141': 12, '65': 15, '60': 18, '33': 4, '106': 12, '107': 13, '40': 22, '29': 11, '1': 29, '121': 4, '86': 22, '77': 6, '59': 22, '27': 4, '5': 27, '8': 19, '128': 25, '44': 9, '12': 15, '82': 30, '24': 24, '46': 17, '9': 13, '42': 10, '146': 9, '90': 14, '49': 31, '4': 11, '98': 23, '55': 13, '18': 9, '104': 12, '85': 14, '119': 6, '63': 10, '25': 12, '140': 19, '67': 21, '138': 5, '151': 25, '45': 3, '125': 127, '116': 10, '103': 22, '35': 11, '144': 5, '26': 6, '17': 11, '34': 18, '118': 13, '48': 40, '2': 27, '81': 0, '62': 14, '57': 5, '112': 14, '100': 22, '31': 22, '139': 9, '69': 25, '72': 58, '56': 20}"
exp1_q5_pp,"{'117': 139, '38': 113, '36': 66, '124': 135, '150': 85, '93': 56, '83': 65, '13': 87, '15': 79, '66': 37, '122': 76, '135': 42, '14': 244, '3': 100, '94': 39, '111': 59, '52': 94, '127': 59, '30': 49, '123': 27, '53': 46, '23': 62, '101': 45, '84': 84, '73': 99, '76': 102, '71': 48, '113': 392, '87': 185, '133': 38, '126': 139, '6': 88, '102': 34, '141': 53, '65': 26, '60': 59, '33': 108, '106': 90, '107': 68, '40': 158, '29': 96, '1': 220, '121': 127, '58': 67, '77': 28, '59': 66, '27': 34, '5': 87, '8': 89, '128': 88, '44': 72, '12': 28, '82': 62, '24': 98, '46': 43, '9': 37, '42': 55, '90': 0, '146': 22, '49': 240, '4': 44, '55': 76, '98': 79, '18': 55, '104': 111, '85': 258, '119': 87, '25': 27, '140': 73, '67': 35, '138': 0, '151': 38, '63': 75, '45': 34, '125': 1, '116': 34, '103': 39, '35': 80, '144': 84, '26': 23, '17': 55, '34': 49, '118': 40, '48': 63, '2': 4, '81': 26, '62': 44, '57': 21, '112': 79, '100': 52, '31': 5, '139': 34, '69': 95, '72': 68, '56': 42}"
Count_Target_In_Range_Order,"{'124': 152, '150': 79, '93': 65, '13': 2, '66': 1, '135': 60, '36': 126, '111': 97, '94': 73, '84': 86, '73': 20, '76': 80, '71': 261, '141': 69, '42': 72, '106': 70, '1': 77, '68': 122, '17': 95, '59': 72, '101': 15, '8': 94, '75': 318, '24': 182, '14': 75, '37': 106, '78': 108, '65': 60, '31': 52, '12': 81, '3': 187, '82': 125, '79': 119, '46': 153, '27': 33, '55': 93, '90': 88, '146': 81, '52': 53, '6': 104, '4': 89, '98': 92, '104': 217, '18': 68, '58': 49, '107': 179, '128': 120, '83': 85, '91': 124, '85': 289, '113': 668, '25': 65, '15': 1, '122': 133, '140': 95, '67': 82, '138': 0, '63': 92, '127': 94, '151': 117, '117': 89, '45': 62, '125': 302, '116': 25, '144': 86, '35': 59, '103': 102, '26': 144, '40': 87, '34': 124, '118': 91, '48': 48, '33': 30, '81': 67, '62': 50, '57': 24, '23': 40, '112': 91, '100': 35, '30': 69, '139': 132, '69': 286, '121': 114, '72': 66}"
Total_Dict_Values_PP,"{'124': 16, '150': 47, '93': 15, '13': 44, '135': 20, '36': 48, '111': 37, '94': 11, '84': 36, '73': 11, '76': 45, '71': 49, '141': 25, '42': 39, '106': 34, '1': 47, '68': 79, '44': 21, '59': 14, '17': 26, '101': 41, '75': 44, '24': 40, '14': 46, '78': 9, '65': 14, '37': 29, '31': 36, '12': 21, '3': 20, '82': 90, '79': 27, '46': 36, '27': 18, '55': 36, '90': 11, '146': 18, '52': 21, '6': 14, '4': 24, '98': 16, '104': 24, '18': 10, '58': 42, '107': 20, '128': 23, '83': 33, '91': 27, '113': 64, '85': 98, '15': 1, '25': 21, '122': 25, '140': 14, '67': 18, '138': 0, '63': 19, '127': 21, '151': 22, '117': 62, '45': 15, '86': 25, '125': 54, '116': 17, '144': 35, '35': 25, '103': 15, '26': 26, '40': 28, '34': 34, '118': 20, '48': 19, '33': 22, '81': 26, '62': 28, '57': 8, '23': 16, '100': 20, '112': 13, '30': 26, '139': 42, '69': 162, '121': 13, '72': 23}"
plot_pp1,"{'68': 5, '116': 8, '41': 12, '70': 23, '8': 5, '146': 16, '3': 9, '36': 12, '49': 10, '9': 23, '97': 7, '78': 20, '88': 14, '93': 7, '100': 0, '35': 6, '81': 5, '54': 9, '90': 8, '66': 10, '92': 7, '23': 10, '6': 7, '17': 13, '34': 13, '45': 9, '82': 18, '63': 13, '37': 6, '108': 9, '119': 19, '86': 20, '62': 6, '11': 9, '113': 29, '44': 7, '65': 8, '2': 11, '42': 3, '5': 9, '25': 15, '103': 12, '67': 14, '94': 6, '102': 8, '27': 11, '39': 9, '110': 8, '107': 12, '111': 9, '122': 5, '149': 10, '4': 21, '26': 16, '150': 17, '58': 5, '7': 6, '47': 5, '24': 14, '51': 14, '141': 9, '117': 7, '104': 14, '38': 21, '14': 15, '28': 20, '46': 13, '74': 9, '13': 7, '125': 25, '16': 12, '151': 17, '80': 6, '52': 13, '12': 9, '98': 9, '73': 11, '61': 29, '75': 12, '60': 21, '53': 18, '55': 10, '18': 12, '33': 14, '106': 11, '105': 10, '40': 9, '72': 10, '109': 14, '128': 10, '133': 6, '91': 26, '135': 8, '114': 17, '48': 10, '101': 9, '1': 11, '99': 16, '15': 11, '20': 9, '79': 9, '87': 7, '144': 6, '129': 5, '123': 13, '77': 14, '50': 7, '118': 44, '69': 26, '84': 5, '121': 3, '89': 12, '59': 8, '22': 10, '85': 9, '71': 7, '30': 12, '56': 18, '139': 18, '76': 14, '126': 29, '83': 6, '29': 14, '137': 31, '57': 25}"
3_6_1_Ketchup_Speed,{'65': 28}
3_7_4_Per_Person_Cost,{'65': 21}
6_4_4_Draw_Squares,{'65': 23}
